name,distance,n_points,total_mass,mean_f_gas,r_max,chi2_standard,mean_res_standard,chi2_overhead,mean_res_overhead,chi2_screening,mean_res_screening,chi2_recognition,mean_res_recognition,chi2_xi_screening,mean_res_xi_screening
NGC5371,39.7,19,17691319979734.227,0.02511503753908424,46.24,134.03025693990608,-0.09917945698501857,146.4800071703171,-0.10162401728294582,614.6450187531668,1.0026085106321951,133.64644551796042,-0.10264489051597299,138.04946906205532,-0.10142309818500843
UGC07603,4.7,12,2868318238.347281,0.21667351697198034,4.11,86.576857212427,0.7527005605108541,94.07759161932145,0.7431609143188466,303.1103298671882,8.04707987718409,78.51556206987452,0.7429518467473256,86.12510961114086,0.7483351725106582
NGC4138,18.0,7,885638326293.8354,0.024302945471260058,18.58,4.8344187698668755,0.12992535579478398,5.771062979858454,0.1268461905369113,124.41872268976975,1.7906532368607284,4.12000148126765,0.12438285834657913,4.818130701230274,0.12711109151003594
UGC12632,9.77,15,44933370544.76989,0.2849912842701308,10.66,90.46298445890628,0.8425628375364914,95.78807801808088,0.8316981697895847,279.2036465257521,5.6859259085608524,83.4430994301943,0.8328977850034163,89.93219613889129,0.8379736328076218
NGC5033,15.7,22,5950015181041.678,0.08108091634033511,44.59,381.59619177457785,0.2541961163614202,393.4766748189894,0.24971133790448335,1792.3673947018203,1.5357168126407854,357.8242250257053,0.2494454298882367,377.0541577276042,0.25107233538045187
UGC02023,10.4,5,5697334761.589957,0.11990428403095676,3.78,1.2951789076879072,0.07172464012384122,1.687851385992748,0.06740812300102793,17.49733007344675,4.409306134254942,1.0146314946055681,0.06564327167207384,1.280908411652091,0.06905533426012472
UGC09133,57.1,68,38207284553975.77,0.05078736594916393,108.31,883.7879420447084,0.1626145334945724,886.606838595414,0.15884469387785852,2417.2851185803725,1.7186277160724208,866.480710076699,0.15816989194861047,877.6591285109389,0.1597188514552563
UGCA442,4.35,8,3663639609.811716,0.6828316833428516,6.33,562.3482215031307,1.1493904213513884,646.9083473816685,1.1261523077711793,1161.8478225845915,9.18562473306362,488.9841667052673,1.1374004360475098,560.6012977754007,1.1440370122383288
UGC04305,3.45,22,10365956418.41004,0.23047807715546398,5.52,2.45214479432608,-0.09639923599755608,2.7561003679169875,-0.1010509486587694,46.103670417938595,3.553789529161426,2.4548007250495574,-0.10144964729827444,2.509320151837334,-0.0986498017935722
NGC2841,14.1,50,16567065957793.809,0.08068170552727252,63.64,418.3198699016008,0.4226417485832687,421.77498591427803,0.4174231382823313,1115.2235016281347,1.7507742042149166,406.25156070133414,0.4173722483467458,415.2324042446571,0.4190984261482984
NGC2955,97.9,24,13374883229748.557,0.03229829316028212,35.43,60.266878811765714,-0.09783714718127816,64.63082774554299,-0.10039961430729975,543.5407484164657,1.5383653131404296,60.839391102645614,-0.10209111133742728,61.851367347933085,-0.1000841316238286
NGC4157,18.0,17,3609244644475.6704,0.0628330808834788,29.61,22.541477059891307,0.0027759727427276006,24.321785113915777,-0.0005122040851650937,156.81394531504216,1.139017139979991,21.82719775324727,-0.0015170533389527124,22.8344510465775,0.0002783948352840401
NGC4183,18.0,23,383774580927.88464,0.19420042203757013,21.02,36.34748343058916,0.4542732787914656,37.24771533852149,0.4471284688956371,182.42527010814206,2.952743034178117,34.04405723183805,0.4469888067889016,35.96381136592823,0.4506511728463456
UGC07125,19.8,13,151785409857.7034,0.37182984744626607,18.68,39.58475465532607,0.2833051562148791,41.36594550702459,0.27409080603651814,288.38514794496217,2.3949019928101096,35.521714746065214,0.2769900244090512,39.02640718215395,0.28010887439940624
UGC03205,50.0,48,5381935696878.327,0.028771998817328014,40.04,168.59312973379227,0.11707430372688536,168.5154295885947,0.11390744272243043,1152.3969234232152,2.2900762802503674,161.28372963150082,0.11171275612822436,166.07656469930168,0.11429204709350173
F583-1,35.4,25,114080643627.28038,0.1845007680655152,16.26,37.748979970789456,1.0969175647075757,39.0656644520178,1.0869032919651087,88.58077566125321,8.33556199981035,35.96001468759488,1.0853988017476204,37.60311922758609,1.0916948478438884
NGC4068,4.37,6,1142860050.2394235,0.1976120179533748,2.33,5.445130931015961,0.031164474378400992,6.4573022697162274,0.025729619245635067,134.12058282782635,6.2656490598226995,4.373525707654758,0.02465120006078914,5.3383226868258244,0.028596190254975076
UGC02885,80.6,19,42944695206440.46,0.08450534731277871,74.07,50.77662074636707,0.26461551152535434,52.74691088939211,0.2600605959303632,210.51813912177968,1.1349905413750891,47.54905843535969,0.260707521133502,50.19437002381388,0.26146577933307086
D564-8,8.79,6,236792616.0134821,0.3495698003219654,3.07,34.21693745530486,0.841442063396201,42.16408952460564,0.8286906317464012,117.18179782997898,9.350336542446968,28.208223671164138,0.8308837664151637,34.046141690185095,0.8368556501390142
NGC4013,18.0,36,2655610291688.6147,0.03855388214605233,31.01,61.32814733434678,0.1969839120631412,62.83702597681709,0.19349745398905824,406.91890858260984,1.2363959599112475,59.62702003882394,0.19204711531959395,61.1662830649919,0.19400262745362123
UGC07323,8.0,10,35667552952.05022,0.06870560700234238,5.82,7.9402641187821565,0.13065959926959314,8.605405311243064,0.1269205784427307,176.11509668708763,4.213927094176673,6.818855644077511,0.1244684783968982,7.758100936736259,0.12784350623113422
NGC3953,18.0,8,2815369519429.6235,0.009061167536977315,15.68,9.867561597111315,-0.07498520976392502,12.210098533676437,-0.07730348708381825,410.06624384865205,1.3834974794432977,9.700889302469035,-0.07955977885896706,10.469702372307726,-0.07728911070187147
NGC4559,9.0,32,706489702743.2009,0.1555357839692958,20.97,25.474373755113298,0.1474494782707613,25.543252613475108,0.14215218368216515,239.73326809196448,1.9776619733464114,24.04705106601395,0.14174402243184742,25.137164306404678,0.1445915672869169
NGC6015,17.0,44,1260545704509.949,0.11523433093044386,29.23,110.53877825917034,0.344629571981254,110.70459981871643,0.3391119768889499,1623.9528401210782,2.776814984076436,105.26463064344738,0.3383813099801408,108.99412295059514,0.34128055165771126
UGC05253,22.9,73,11124677552575.08,0.01561050749696332,53.29,169.47306082960455,-0.004856586273262247,173.69088609216215,-0.007510147845661754,3011.820001056944,2.9387806156865177,171.97532989951088,-0.009793255206763262,171.63240145297513,-0.0073351540415583375
UGC12506,100.6,31,11835527327515.682,0.1308093348854143,49.99,35.69054985501159,0.5756406403974909,36.32069791594928,0.5693120824911012,117.33966581779876,2.5609133943070588,34.040148207801316,0.5694281985845064,35.33540858523875,0.5717162491471065
NGC2998,68.1,13,8756549723581.777,0.061938631888424585,42.28,167.42741825997305,0.23836597768455534,177.34374268734703,0.2344146631180172,932.1874673985927,4.008884025035477,151.27678966694373,0.23226137189935103,164.47379132223958,0.23528162425840063
UGC00731,12.5,12,39915954362.23617,0.5964093211873518,10.91,189.96781822764208,1.6371223953910494,205.6867862646324,1.6137511431737277,408.36690928244735,9.211850796470062,172.889746668125,1.6230337301907316,189.29438782799954,1.6305542098610963
F583-4,53.3,12,19778332839.85356,0.06168100467556579,7.29,19.02688145045019,0.535893914138544,20.670114029558135,0.5310194825315095,97.0593056095639,6.866612537390587,17.123666631469842,0.526961865710098,18.855740582499717,0.532068518624093
UGC06614,88.7,13,11826890164942.889,0.05639750894853102,64.59,17.44788167694468,0.17669261867388977,18.96634369866639,0.17272346858927723,83.78152420938657,1.1085286724443995,16.23211985413885,0.17241131736210816,17.453619313828614,0.17376187285614392
NGC0024,7.3,29,59788559214.41422,0.05628278221943432,11.27,56.738759181125225,0.5266208730128035,58.278199525412305,0.5217184451102891,185.58160122104178,7.937277154626114,54.15114230040273,0.5172749525016281,56.424570638823376,0.5228185735270565
DDO168,4.25,10,3097707656.159926,0.6382753520684287,4.12,138.78930986793046,0.5742025970364697,151.71337338384234,0.5581085792467475,653.621568273543,7.155319041807109,123.17042981603109,0.5653730980130964,137.8285972450535,0.5702817874687606
UGC05750,58.7,11,251409532801.4877,0.20228606485851716,22.85,8.620098510014236,0.42508989413286946,9.416504645881199,0.41775810711859035,36.01622189707406,4.087475404155918,7.714239446990388,0.41782507674321434,8.551401478717915,0.42154047419017554
UGC05005,53.7,11,416540520960.6882,0.29439720418061743,28.61,11.788790749400457,0.5577384290280303,12.851819412546744,0.5471435733290404,31.577951958483528,3.1349627729288945,10.611948738563786,0.5503525804801476,11.721565979925861,0.5538586261690978
NGC3893,18.0,10,1367728242065.3767,0.06249739650766839,19.05,18.595761697129213,0.07005248951877725,21.026714030090105,0.06657216649854628,272.81036820998065,1.7517337024423807,17.01723253259226,0.06480496227393957,18.745778225317242,0.0673873484201954
UGC12732,13.2,16,132418903431.89215,0.3501937700429765,15.4,131.67795137996927,0.9435781564292156,138.76081378449882,0.9302270291351489,332.06197117734104,4.844932619120303,122.21543152430776,0.9336887762422289,131.02081165615309,0.9387373564930039
UGC06818,18.0,8,18627349127.903305,0.10751088138520358,6.98,15.279669272900653,0.27252680514359323,17.60481991184313,0.2673603388152763,79.9770302155844,3.85654243811439,13.209146079241927,0.2658275896876331,15.185231254448485,0.2693573685779529
IC4202,100.4,32,5881987489899.8125,0.027234807385777243,25.9,59.692708216168505,0.00338305626388917,61.71842609926023,0.0005986295136146749,675.0795618794633,1.3564457956846159,58.410607254032016,-0.0013576738980977457,59.818090423722566,0.0008839663154397992
UGC00128,64.5,22,1501539128457.694,0.3442691462347824,53.75,4669.69399911087,1.1161405170694914,4840.738493015788,1.1014277155345822,8818.42592001538,2.8296884224294807,4425.463112571618,1.108825679870162,4647.579072336216,1.1108699222924512
D631-7,7.72,16,4734931358.328686,0.5813146610673952,7.19,93.8733116862725,0.8360117882080202,98.63134819683421,0.8176146886124619,303.61837877444754,5.936548097071486,87.19960027998985,0.8265192440568014,93.430634117783,0.8314388999411704
F568-V1,80.6,15,173044187901.1088,0.1309275380714968,17.63,33.82351894260642,1.1578376900338498,36.22497998751485,1.1490219343622827,78.41066659688667,6.746783982680819,31.327258694272818,1.146641394644842,33.693752039535255,1.152463241613693
UGC06667,18.0,9,16820730850.999538,0.3794495054074358,7.85,217.23240260394425,2.071358737832098,245.94556440578768,2.0511476370252084,414.23821093761615,12.129333057743235,192.019640843253,2.054565670354605,216.62914255178413,2.063709015523274
UGC05918,7.66,8,2460784194.9604845,0.268549812236201,4.46,24.99290958430208,1.0807302669422645,28.80531515382673,1.0691076950141556,75.9838039606699,10.086642010130522,21.648755798536403,1.0688111392225754,24.871699367421822,1.075547867196636
UGC02487,69.1,17,43925129844431.14,0.02710311478634277,80.38,1434.0354426040692,0.4621185537155917,1514.2665313284112,0.4580559083043652,2814.716855299526,1.1438209097598484,1337.5061007489137,0.4575780956776523,1421.4806062796379,0.4584769078274924
UGC05999,47.7,5,203435001102.0456,0.3804487116854734,16.22,69.16667382872227,0.6709742522665882,90.34305557741784,0.658695008842398,203.75994901026013,3.120557569493472,54.64601108930297,0.6627278881678851,68.73269780393517,0.6668124170313929
F568-1,90.7,12,193004478277.3431,0.16754389010617343,13.23,31.383496259290485,1.1197267432120777,34.2078751107435,1.110233823781293,73.86521505375755,6.764969722798257,28.53013622292947,1.1086834419018714,31.253511260215927,1.1144472163510746
NGC2976,3.58,27,7566232447.115295,0.05579179504567248,2.27,1.0873220721425896,-0.07434715945336517,1.1887327726333397,-0.07723576527449552,195.1709246338048,6.453554006672528,1.1980179860686675,-0.080984916180425,1.1353738129778934,-0.07665264956018164
NGC3917,18.0,17,452809966694.2352,0.04712175945843177,14.86,39.790222860145775,0.2212510579807638,41.45545130321565,0.2175665359760715,450.39193367365516,2.6709030001822605,36.08763338008861,0.21505746034438175,39.05408935977355,0.21820933206713605
F571-V1,80.1,7,65938906424.18409,0.3493087646569672,13.59,34.37135311260361,0.7797248074787212,40.54883152829355,0.7672821585088091,91.74764635152894,4.0832389220963,29.148557001682963,0.770908097652738,34.1880935376608,0.775292111162384
NGC3972,18.0,10,166920602143.00327,0.04292819363303103,8.72,20.702571205150935,0.18233498931116604,22.709807921378662,0.17883955873938945,313.07277074810816,3.408889162428287,17.92061693030589,0.17617005085956836,20.296710740475024,0.1793901902446065
NGC0801,80.7,13,24542187184004.855,0.04452687556055845,59.82,57.220015705394864,-0.05953499995712501,62.704134323326684,-0.06239937787788123,487.2514904691868,1.4713711418729483,54.18683726098796,-0.06307202338075779,57.72829963673404,-0.061877382174766786
NGC6946,5.52,58,1576105500552.3013,0.03931867001910025,20.4,87.75714058002094,-0.03561136079688821,92.28850986117912,-0.038434778699422134,1441.7400988860927,1.747837853554562,91.9599110148196,-0.04049129812669334,90.56183862167529,-0.03801332875876038
F563-V2,59.7,10,76268659634.58162,0.22329988779285798,10.47,18.215702118376317,1.151204574751933,20.312507080755797,1.140147779374244,44.6031609554612,9.368432295580465,16.256756833829375,1.138891032006937,18.14151349485084,1.1458466471925033
UGC02953,16.5,115,17291437138544.98,0.011080881539158746,62.39,535.1960230752808,0.08923186924889884,533.1272135209003,0.08641540368518077,5769.497755231784,3.053557585489095,523.3240056032373,0.08426872925557631,529.1466956082384,0.08651895876174513
F567-2,79.0,5,35891735365.47884,0.15853144832995064,9.59,4.434715596360353,0.2808811077829529,5.795253268455867,0.2753479833140978,36.9811848281569,3.2407649058867927,3.4535637582126952,0.274526970554047,4.375525466822242,0.2776908634573828
NGC7331,14.7,36,10382377048284.18,0.03912734850559523,36.31,166.75257153256302,-0.0733049105265813,173.80383912354523,-0.07604373361845808,699.4369275593561,0.8634804014419699,167.03022259900527,-0.07696788674926681,169.00430338970253,-0.0756129965251666
NGC5907,17.3,19,11713031548733.092,0.08969260211320551,50.33,266.8008217878566,0.22313981596593271,274.6086869410115,0.21872774517215146,1700.0403302325496,1.0636847933416635,247.6089039595505,0.21894804356132483,262.0871487057965,0.2200933857909899
NGC3726,18.0,12,2809318230764.8545,0.06817546130317227,32.52,23.393331703035916,0.0517188954396649,26.113760871385363,0.048150119235276824,226.71698642786407,1.18557826237335,22.21754317431312,0.047414232849263,23.77466977296137,0.049099417161873195
NGC3198,13.8,43,2749226604068.8057,0.09375188054555493,44.08,301.0780966832861,0.2148960410227398,303.0320647045627,0.2100414866707621,1804.3361506595381,2.225817426227609,290.37676872305747,0.20976308396748425,298.4294514200622,0.21187014332038476
NGC0891,9.91,18,2729740900015.9946,0.01894193581930904,17.11,217.79172941730727,-0.1584988155105183,236.19991265264784,-0.16074074921726578,1231.2577178093065,1.3426981158400393,214.4061258043749,-0.16279519501639395,222.35745219097043,-0.16059471212611034
NGC0100,13.5,21,44690454434.15155,0.08166684156911398,9.62,23.675016181884263,0.40612069721592803,24.597147292993178,0.4010235923244531,140.26385945085127,4.239301569576838,22.154526412487897,0.39876446144879857,23.465950663415285,0.40261852316706237
NGC4217,18.0,19,1534428825819.2842,0.019743608028644184,16.72,88.62747688285465,-0.1595032112855895,94.9967355125026,-0.16176085496035464,212.16590038385914,1.2395610759802904,86.1867158895605,-0.1637139000691239,89.74446849386763,-0.16159660628889094
UGC09992,10.7,5,2793581934.100419,0.2607563814191836,3.89,1.3529406264144548,0.2284148415431683,1.7152615534190303,0.2215823958131567,27.385976313713577,5.495798308088753,1.0278284668261635,0.2211765245216543,1.3235127967205254,0.2253552730524889
UGC06786,29.3,45,2837112788338.912,0.020381879480434073,34.05,616.768653916524,0.23921230357198967,624.3587583413613,0.235821017608428,2795.881846550898,3.186012166133592,593.5932852451724,0.23316715786934838,611.4385938975813,0.2361258422325059
UGC06917,18.0,11,126935388651.82013,0.10893104318209211,10.47,59.69613475787024,0.42316693822138035,65.22486257517625,0.4177055091680524,355.564006333706,3.4968900798961404,53.14179134758656,0.41610761618610803,59.07312670868032,0.4196223077155418
ESO563-G021,60.8,30,16220901507383.822,0.02558929704312724,42.41,62.25036255420565,0.14379411413733748,63.459039336539995,0.14060416692933866,569.0522260923768,1.4307231023999927,58.944607451519495,0.13934345479172933,61.39257791845681,0.14094530743695366
NGC4100,18.0,24,1570829369530.4512,0.04366846372343164,22.76,23.43269856767017,0.16925302949670307,23.88519194867507,0.16577084183857435,407.2888756992769,1.691698590336978,21.580748797989045,0.16363606759453056,22.956712013991353,0.1663408131950949
NGC3877,18.0,13,1105619881820.1416,0.012713056832242034,11.35,23.184482035163395,-0.13921774725237637,26.0209272499251,-0.1414160765755702,271.43118577883587,1.858151491448548,22.630239578691203,-0.1435908800350731,23.820321592918244,-0.1413616665284852
UGC00191,17.1,9,49943789419.06091,0.15257865447632923,9.98,586.1812011895062,0.5350956225637036,654.8278960552103,0.5282563611543788,2350.2574894892778,6.872456323093994,512.9805390856194,0.5261117523046016,581.7042767460332,0.5312722153252535
NGC3741,3.21,21,2222144304.9744306,0.6260738997991331,7.0,120.06630798208509,1.6453573955629919,124.89276573935719,1.6162445625309276,232.56054904916573,11.122440106474775,113.74305176316037,1.6310225557289477,119.76253268455484,1.6387686994154567
NGC0247,3.7,26,176129888632.4593,0.17257685369545775,14.54,166.99639461512237,0.5682191099609583,171.64595358001682,0.5610652942078915,902.4269685751085,3.801669541298072,157.57117084357714,0.56037832574338,165.44547487732927,0.5643132032484585
F563-1,48.9,17,163031511391.21347,0.36149451868674065,20.1,28.33959605906483,1.494569108201664,29.9251149645981,1.47687853754548,51.566370618897345,6.303973274628802,26.51330628385045,1.4822433571988833,28.25330857275638,1.4883559749968518
F574-2,89.1,5,57600008976.42259,0.21649855970626417,10.83,0.8392470365506446,-0.2225013393847751,1.1797027224093484,-0.22652782065795787,4.806569160439864,1.3765129306426205,0.7045154864479249,-0.226357175999052,0.8598397400109602,-0.22443782722513314
UGC06399,18.0,9,33213753995.815895,0.13853016869939172,7.85,44.31107277852496,0.5919343754336938,49.9543367542207,0.5852216664075464,183.2324699120279,5.151320992780814,38.805604777605346,0.5835482112727056,43.983498413177344,0.5879694019657832
UGC11820,18.1,10,89632500323.6913,0.3248882588395885,15.82,1126.6375279749764,0.7840347424442549,1237.266243010765,0.771949441299161,2908.6625911681895,9.258089744486856,1003.1041642335467,0.7718822259905043,1120.5825918798582,0.7795913115285205
F568-3,82.4,18,294503852946.62024,0.11606436763722673,17.98,16.101130804633783,0.5660431148143069,16.896966334382103,0.5597931771033067,69.62030173172211,4.359294940759707,14.980485947953152,0.5580334141063061,15.98044588485197,0.562142627774349
UGC07524,4.74,31,70733665155.18362,0.23092006028324635,10.69,64.41849540436294,0.6488675687611616,65.44975473249377,0.6401125873713445,245.89151621274456,5.093995988197303,61.43347814016777,0.6402527605279493,63.949903035417655,0.6447607938443529
UGC02259,10.5,8,27504654139.0702,0.2016566736728564,8.14,493.7272297871593,0.9633139289137034,569.3903140880756,0.9537505500531887,1573.1745005256037,6.760768713564315,427.17495107358184,0.9530519511309251,490.9735922004132,0.9584239738015767
UGC05721,6.18,23,10018682312.543007,0.2779068904919748,6.74,65.42835096349732,0.9294025873077819,67.74087757398836,0.9169182246300543,192.9379697062277,9.266303266920811,62.0105396581818,0.918459516345387,65.14462967585415,0.9245970939497347
UGC05716,21.3,12,35130179754.628075,0.4788269074296716,12.37,2148.1420440659963,1.0943861092185208,2328.857310255542,1.076480334733785,5540.88206699254,5.769017712420257,1951.3930210349379,1.083744624700105,2138.4420372055374,1.0891696973596148
UGC07151,6.87,11,21724559948.861,0.12588852647755686,5.5,39.497938310390204,0.2707053746679798,42.75476598033709,0.26557639308021225,473.88635158133076,4.985315952057727,34.79157712128671,0.26376206917104567,38.88133211992983,0.26754047467345754
UGC04483,3.34,8,69732952.53370525,0.4777645330904319,1.21,24.544381353741358,0.4686737044643291,27.681968523251,0.4560245069265704,154.14021123001277,14.464894728102145,20.911292278729622,0.4562372179027211,24.33829895108548,0.46501573189895085
NGC1003,11.4,36,506771783048.03357,0.280453490976258,30.24,431.65640917049274,0.8324710261907409,438.30579719617026,0.8207960500723376,994.340001686914,2.7667890409558344,416.205034360675,0.8246952688808215,429.51711336212594,0.827906956771999
UGC03546,28.7,30,3204287685135.644,0.012793380101092525,29.23,87.92875474319618,-0.08961569230532061,87.8802104954699,-0.091988842444748,3519.7260865867297,2.09126786047309,79.98539771315842,-0.09415804986221647,85.1879752692912,-0.09188315362867333
NGC0055,2.11,21,145462447751.04602,0.39811987188701525,13.5,63.15513359500883,0.34449936795530334,63.80208474507512,0.33453582213405086,505.45749420296727,2.983331074932685,58.621245583960835,0.3378217288236281,62.348693049160296,0.3411506719262268
NGC1090,37.0,24,2949965839936.842,0.06648200591747584,30.09,99.06661170126664,0.062133761753011114,100.73020444093464,0.05857020774804167,754.1941992613166,1.5356506398083216,92.85612965662875,0.057442216259864405,97.47068755782537,0.05948834354374894
UGC06973,18.0,9,458121026955.66016,0.016711081855654297,7.85,439.38651546934256,-0.232404448067818,508.11509733056295,-0.23442392206184237,469.96130892257736,1.527328263367841,400.0144381364531,-0.2362128789710335,444.68926189123954,-0.234316270592957
F574-1,96.8,14,126219606401.67361,0.08861637688974189,12.6,68.45777346900887,0.6826162759254151,73.41693898060551,0.6766619667995185,228.4095028860096,4.782522272883916,62.742571266634044,0.6738577796385613,68.01214195515526,0.6784254443222586
NGC3769,18.0,12,1021438481645.151,0.15741622101354488,37.16,24.35282355655811,0.3478044103699964,26.38429372003345,0.3413898982006253,168.72753525450833,1.9543132382681818,22.05734247003007,0.3423520994149622,24.183636061091587,0.34444748259111474
NGC2403,3.16,73,374896621224.73737,0.14957706384222252,20.87,2076.4564220007605,0.33202587699922653,2062.925014510334,0.3254983060519206,11446.523613464347,3.9513368692551456,2009.1132185592353,0.32492908022360295,2056.5579940880584,0.32870824824368605
UGC03580,20.7,47,574998423004.0167,0.08018539958459119,27.06,325.2636781471841,0.0005575344855142106,329.53510667029957,-0.0034638091441227476,1178.3095770792863,3.3122366316713507,317.67236177097203,-0.004842819402840742,324.70906705388603,-0.0019345180378646935
ESO444-G084,4.83,7,1290243663.9330544,0.5794499275567438,4.44,301.29545599144717,1.512533117672652,356.8090929733659,1.487599888396496,663.0672703200397,13.894499486057214,256.6188302078223,1.4974831356714675,300.3874815389275,1.5062752421580885
UGC11557,24.2,12,191015188887.0293,0.04161037926085109,10.56,7.216341698834165,-0.311126667161773,8.093401064317765,-0.31321558671432936,27.405821476718497,1.5447064803976795,6.855583809170874,-0.3146846948279633,7.340095072651663,-0.3128424190982877
UGC08490,4.65,30,22684347541.841007,0.3292142723975425,10.15,111.1809034492497,0.9982049944918793,113.669616545084,0.9845358148789549,315.2997194677193,6.234692351930861,106.44728691676683,0.98778451003245,110.6595640471175,0.9932281374625506
UGC01230,53.7,11,789058514175.8159,0.2775143404754163,36.54,16.884462732736534,0.7291273699892211,18.469618935618353,0.7186613780732864,44.24127437435967,3.712071286249875,15.20224524067333,0.7213071228152296,16.786115410416905,0.7248206948834852
UGC08550,6.7,11,4862972308.321713,0.30061294630428514,5.36,159.4940634583975,0.917100784767253,174.78189592582626,0.9047590378401348,494.72860485724607,7.976650244175729,143.51967809852798,0.9065915864699211,158.7107722980268,0.9123259310646045
F561-1,66.4,6,71591008171.7155,0.15184872527650883,9.66,0.7454793774633333,-0.04549273235400347,0.9911132694412911,-0.049568516110525394,37.49062461631786,2.2669426538427087,0.6548803165911004,-0.05022882185935509,0.7651087946982816,-0.047870089140531306
UGC07559,4.97,7,758709598.1078569,0.27713217380238586,2.53,5.1508049850850846,0.2502017132516454,5.96369217696698,0.2426025673935225,51.93957693389111,7.051914939634882,4.3079435769286905,0.24248465649571105,5.08833113711697,0.24708788098627416
NGC4389,18.0,6,132567191610.22783,0.011752931532614938,5.32,95.84293762891839,-0.456028113037062,121.10826519305931,-0.4574213011385552,50.31644338120914,1.313362513876359,81.77355789995205,-0.4589184385055587,96.87020348223129,-0.45738296417438334
NGC2915,4.06,30,15805983771.678291,0.2955683989105872,10.04,51.789111803063406,1.5173614566471731,53.25160673200417,1.5005549667282674,93.54214175810392,7.316354926655843,49.82285193250744,1.5046698620970473,51.66104755456853,1.5110915553630657
NGC5055,9.9,28,9485434844125.756,0.04671369439455172,54.59,3552.7555399903213,-0.009675283403048787,3739.856103190236,-0.012780047429173238,9639.027467955582,1.199755463653884,3534.0683191070516,-0.013416430985354942,3604.976659369583,-0.01214184941639546
UGC07399,8.43,10,14123263015.922829,0.2312152853681498,6.13,264.46897379821866,1.2169683357559502,295.0008380266649,1.2048125537188588,695.1345449254202,8.588817604829,236.0458427919638,1.2051962591300427,263.40695335511316,1.211446612771562
F565-V2,51.8,7,19511108805.20688,0.44825478263631713,8.8,43.31917642108166,1.3090978244377964,51.32439420211822,1.2903335470041848,89.83107881107283,7.168344832907229,36.87998014548354,1.2975839580672364,43.172579527440824,1.303346637862526
NGC3992,23.7,9,12242063205028.451,0.04471920713543375,46.02,73.98968633747415,0.250150501526436,82.70542727175703,0.24642039114004918,477.21037558335325,1.0336570851761522,64.23005798181232,0.24586634913766067,72.6610610110078,0.2470367968122595
NGC6503,6.26,31,388792690684.56537,0.11972512596408148,23.5,854.8356287477707,0.5147461189537211,872.6803760301925,0.5085148329044396,3358.8211263615945,2.6411815882272833,814.6271275621252,0.5073840648981353,848.1804835172501,0.5109733954891399
PGC51017,13.6,6,1261607006.2761505,0.3162485218415376,3.63,3.8933785410928623,0.005727636238185678,5.18537290943163,-0.0003731620563957895,66.37189197883858,6.173395394598086,3.412664747901704,-0.000996604279391397,3.9905972732724657,0.003222706729051531
NGC1705,5.73,14,4876064435.146444,0.2094845139491394,6.0,70.99819360550214,1.2273775549784904,76.22604406226628,1.215752379456985,213.63610099692747,9.451761325357937,65.31033422224094,1.2152482057136496,70.67685133690942,1.221829906127637
ESO079-G014,28.7,15,1102805071032.939,0.03038481573817738,16.67,118.17000306558897,0.18985131531675192,124.56058239514611,0.1865297648363285,897.3798717845101,3.3330993116986365,106.7715034125516,0.18342672512229036,116.25531934507003,0.1868877956084071
F563-V1,54.0,6,13693465380.47885,0.29690821051941113,7.87,0.17410504733432194,0.002850340535505575,0.23205790154430528,-0.0031665282627415872,14.614312056872214,2.870059914246949,0.14976781016312954,-0.002149701727854623,0.1767214757484646,0.0003525774028857939
NGC6195,127.8,23,15781645631231.047,0.027777662771396306,36.43,61.56625417601245,-0.13088217186815698,66.34496107411456,-0.13328141974688626,574.9650658266652,1.127605161720979,62.32060966174716,-0.1347515590948313,63.331377690113236,-0.1330468522608974
DDO161,7.5,31,39810358328.91213,0.5996565820666813,13.37,335.3693811635197,0.4929926196935223,337.25043858740065,0.47756973125605134,973.2237259538164,4.074007598661006,320.7780924646108,0.48502406462580017,333.4103380269913,0.48927407688408114
UGC07577,2.59,9,148761050.65783358,0.20738430891747878,1.69,0.34883011040381057,-0.08447970101106983,0.40615518401225126,-0.08913344786134975,10.627880961650044,6.721516277737568,0.3266735731319026,-0.09119054793335238,0.35361764852503064,-0.08675995436249065
UGC04499,12.5,9,33269044368.49837,0.27910280655390163,8.18,69.06024485323842,0.4250405277458689,76.9091134327938,0.41631319244909903,360.4901216426505,4.290843054854789,60.27885460424338,0.41766433596205693,68.4311286394175,0.4214912307582526
NGC5005,16.9,18,2305429862558.682,0.04361947575077784,11.47,14.789203493883676,-0.17209727551946338,16.14118275667099,-0.17452160502325975,99.27829318081933,2.230525716979953,14.645203983229427,-0.1765282197683177,15.13247597398683,-0.17415930294171936
UGC10310,15.2,7,30796468211.297073,0.21104534569188654,7.74,23.079115369088843,0.5403236617538832,27.12904246908476,0.532656440118829,120.9613304760111,5.064783225056226,19.416673702235475,0.5324547573948314,22.866823243464154,0.5364872332269942
NGC0300,2.08,25,55377634957.69409,0.1581932048879671,11.8,104.45154290572113,0.6972716948106793,107.71976279961855,0.689477883087312,334.9297617517266,4.3650316716899304,99.12411010002565,0.6887160861853512,103.8510851698528,0.6930443614848778
UGC06446,12.0,17,37916828061.99908,0.36531028326274273,10.22,75.72338422604592,0.9870863158592833,79.65222763383692,0.9731608827964126,212.00907492013755,6.390764147627676,70.57524691603437,0.9767447749377673,75.35624868690084,0.9821371517213561
NGC5985,39.7,33,10100681825076.486,0.0196188417229018,34.72,264.6564993178583,0.39182316639222714,269.36256774249466,0.3881539085028153,1263.0708045083045,1.9836914317196126,251.0399928316136,0.38558703994238996,261.26782699349695,0.388356602687134
DDO064,6.8,14,1625994634.402604,0.3000483628651072,2.98,9.024975625385297,0.7531553537858643,9.572863918467656,0.7423954062400167,42.23106816041366,13.943638409999192,8.252798853355936,0.7412546308294365,8.961388175031987,0.7487888330484799
DDO170,15.4,8,29872516192.907948,0.5688593529682343,12.33,561.1074568801112,0.7939152723294038,639.1710607171502,0.7767182548677734,1627.1415119789115,4.380817894154781,485.44749006034726,0.7850218580386552,557.9396001174388,0.7894472323346471
UGC09037,83.6,22,2725567751178.243,0.13917448804109497,27.96,38.72316953718032,-0.028964529754187573,41.10102081054337,-0.03319090591116745,158.395423826375,1.0171730228904825,37.88607274338196,-0.033272751892941516,39.19034192196047,-0.031383052738136435
UGC11914,16.9,65,1492611043572.1392,0.001821149082736823,9.83,15.025282147251064,-0.0552106144278185,16.128761134487906,-0.05749247080237103,2162.2683849303453,3.344370402583462,16.708174271502052,-0.06043438137220749,15.91248888630718,-0.05756376723635479
NGC0289,20.8,28,8507093960118.571,0.22071131470084077,71.12,75.44989753202434,0.3691054788068513,76.59827911255394,0.36132476007565384,235.85609362345338,1.4253910194147057,71.9603332311913,0.36464588032390427,74.76256265012827,0.36569549722594513
UGC06923,18.0,6,22537108529.539757,0.14856893078494957,5.16,11.669394950225776,0.14434416841658135,14.152268757719238,0.13931947732445474,153.18880254681622,3.8781315591964063,9.446382308933687,0.1382761140176971,11.494772123484026,0.14149399171586544
NGC7793,3.61,46,78283912351.7829,0.04639348375594869,7.87,2.597612144910406,-0.004775536007170859,2.6140608037893336,-0.007833611139745655,99.0263459821724,5.678538950892347,2.5319919570854728,-0.011475926631596313,2.5834707791200175,-0.007254305644438159
NGC4214,2.87,14,8160878240.392843,0.10107686388156385,5.63,27.239631561807908,0.7663376478606307,29.226791086493474,0.759755555611064,127.29399010143275,7.92769201716016,24.93988965290493,0.7564470861945961,27.06109566322325,0.7619382944593757
UGC05764,7.47,10,1553842502.445374,0.5870017430185795,3.62,2193.5237328278836,1.600118267948308,2434.404158815348,1.5759987863614815,5016.786439431151,15.308789207741365,1961.4717085847144,1.5839502126383822,2186.561973991197,1.593642247262445
UGC04278,9.51,25,27573690144.35147,0.13811067879677585,6.69,32.89475186342335,0.6329148658057995,33.95529870634325,0.6259865028627315,118.45919707761789,6.68271335509653,31.20064132569353,0.6239156535681686,32.700022030208864,0.6288478237102276
UGC05829,8.64,11,17826464559.779175,0.373636174608489,6.91,18.75089756647981,0.8119476362739366,20.339797697126762,0.7997441463268244,70.56361791628798,7.098445965004398,16.817116702643354,0.8020902188856287,18.6256662167113,0.8074346837214095
UGC08837,7.21,8,4891219364.016737,0.22155699720417646,4.2,8.031912097743875,0.09542883691699634,9.048737982344806,0.08945495687421788,110.85501681397331,4.423771305194196,6.883007351027773,0.08945374268357953,7.937354964508964,0.09270049186622957
UGC04325,9.6,8,21232171639.130642,0.16083056843776586,5.59,153.1037874999391,0.7913273442020055,176.38453989048716,0.7836447014200636,608.7831597395319,7.60312837423997,132.13900717118983,0.7812924629695728,152.08837068857727,0.7868657498663917
NGC3521,7.7,41,1719424014531.2598,0.009940788235375855,17.74,30.14088406069111,-0.1604855344650777,31.48368263862079,-0.16262820978034354,209.6493272316356,2.364677193756003,30.640564069118977,-0.16492851654296906,30.731948882871194,-0.16257648283150533
UGC07866,4.57,7,591736326.6945606,0.23196553034233464,2.32,3.940964083671162,0.38254734534233215,4.591959180434326,0.3751884587301034,35.54757933757424,8.658896355636433,3.2852352687460615,0.37342268114690785,3.8939449981706105,0.37910388458980016
UGC08286,6.5,17,21707130110.125523,0.21374461697268599,8.04,337.9660680640193,0.9221153317674271,356.32738333734414,0.9121586321968629,998.4592953042189,6.838616763919349,314.84208125244663,0.9119030528407606,336.2485448762811,0.9173279885136288
NGC4010,18.0,12,236399975669.72812,0.06622822266315016,10.47,14.102891179999402,0.08505055873327316,15.123941750345796,0.08150296912805931,214.58420914547344,2.8388287660606415,12.516769209515429,0.07930479908948547,13.877665385879373,0.08234806248524353
NGC2683,9.81,11,2903213037833.4727,0.019462978717646053,34.62,13.678512438613575,0.16777735703517346,15.17831802260448,0.1646844553762916,251.04557795109935,1.3562356628588386,12.505176597408216,0.16306182202214592,13.675547239576463,0.16486881613768214
UGC07261,13.1,7,21912828787.98698,0.13159322230954992,6.67,18.049444451530746,0.483422971823993,21.27413416971807,0.4772725452748493,111.25517465885389,5.261022853549348,15.157477585407012,0.47541202072716776,17.873325881236955,0.4797282637909631
UGC07608,8.21,8,4494060400.000001,0.41949527395077046,4.78,23.9682447717002,1.283572105696599,27.61829963108879,1.2658638702018536,55.81508402985329,9.943378159774532,20.82416166406555,1.271293091092925,23.884463476306333,1.2778844951073238
IC2574,3.91,34,31935185170.25105,0.25232431870822986,10.23,224.4648231830265,0.5590466948594696,226.87074193253093,0.5500781158967821,1104.7887294165382,4.284547088156343,214.07587922072267,0.5511672598633899,222.52432054595397,0.5551636335500689
UGCA444,0.98,36,348291869.32589495,0.8054336272287744,2.62,12.176100658015125,1.1329045250407448,12.19159884081251,1.1077958713451892,42.81748428265993,15.842417102989932,11.690550930501873,1.1182228598267128,12.113108465743858,1.1275921767543595
UGC00891,10.2,5,9077659568.509996,0.4976537778068537,7.39,1839.8402671292502,0.8205729486262412,2408.7249371814255,0.8043862869582299,4925.155781909078,5.508804524849268,1458.2146088710485,0.8115338925153794,1831.2810821368323,0.8160385133196775
UGC06983,18.0,17,183248539151.94797,0.2405984892473087,15.68,68.99621344820247,0.6675943142696933,72.519750674993,0.6582949648878411,250.3791514121544,3.536463606403594,64.02165797128862,0.659343408616434,68.50735207284917,0.6634408973240253
UGC05986,8.63,15,64412189120.283585,0.10044091602127504,9.41,186.5983788086693,0.5372403684798593,198.4975087114168,0.5313982258130813,878.6734493001516,4.511771096418509,171.38754214734203,0.5293070977911785,185.10269740461789,0.5334116194001977
UGC06930,18.0,10,273922658801.91537,0.19539573701270657,16.61,28.894076330854936,0.42909476837683275,31.78243492640536,0.4220407199592951,151.3938102397972,2.8584834139932793,25.44759440062584,0.42203945158427036,28.58187699723215,0.42553537363846594
ESO116-G012,13.0,15,74254423149.86517,0.1374749959374753,9.86,198.8327605755729,0.4700616680201051,210.8978856732467,0.46362464334526027,809.3946706704959,5.117111933651933,182.88418319496176,0.4620654864459691,197.39066397799633,0.46640023850401435
NGC5585,7.06,24,63427242742.8359,0.1386006902315511,10.96,182.18779608525992,0.247661509769561,187.35242903524403,0.24175967138061827,925.6919452915055,5.1782105399733895,173.06947363448316,0.24046060278619108,181.21923223443952,0.24455400429728177
NGC6674,51.2,15,18503394244284.02,0.0684650978734936,72.41,1102.5323737896176,0.4532453858616193,1171.8072089863672,0.44835006998715554,2462.507735947597,1.3180527439343732,1018.9538820255892,0.4486990924887493,1092.4144418347662,0.4496258400523047
NGC3109,1.33,25,5183510002.615064,0.510410646043955,6.45,132.7696850598735,1.3631027754937692,136.81116877295898,1.3421285843923192,299.57664165351724,9.92448942710066,126.56715247415171,1.350101430432851,132.32514942758652,1.3572170807368948
F571-8,53.3,13,179846837110.23947,0.012609526765679783,15.55,133.3963815338649,0.20207753672098538,145.31195727934116,0.19891223909362782,330.7991510451945,2.966182360525852,123.09237888987171,0.19585540860986056,133.26206309497175,0.19908356560444893
DDO154,4.04,12,2311964246.880522,0.6502015790061556,5.92,5924.837387512842,1.1364464080516201,6397.0743352952495,1.1127362666131682,14400.648009018822,8.205085244368748,5390.35635245434,1.1251606561621104,5902.591562385903,1.1311252381251091
NGC4051,18.0,7,1040488855300.6276,0.017303147398442683,12.19,17.450907266164627,-0.15940986674618499,21.610003684778377,-0.16160379369830816,153.46785894527747,1.6142439847633396,15.864781906496987,-0.163577715971428,17.976839199474934,-0.1615034942393603
UGC11455,78.6,36,18238297709867.53,0.013214485875854177,41.93,40.442463805869714,-0.10552434011470418,42.279678045445976,-0.10783945319417461,250.62917082368247,1.1798765398607018,40.85989894226899,-0.10936422127114136,41.12535540706052,-0.10775217834338166
UGC06628,15.1,7,43574861416.82242,0.13054137587542308,7.69,1.1117187298152154,-0.1261817030672445,1.4036514167483918,-0.12957879242234846,11.50971131533614,2.524154392315699,1.0018820088445106,-0.13065263208157618,1.1399237163118663,-0.12835809074790455
F579-V1,89.5,14,274208678994.51425,0.05989994728916035,15.16,14.776761831899144,0.6788605035220635,15.845136696910231,0.6737005600192862,61.10806664080273,5.880213422915432,13.504991441422602,0.6697284940484857,14.661194818696499,0.6746790262856198
UGC08699,39.3,41,1552973965116.2246,0.029015096096509808,25.7,46.87768763397949,0.10058304727148415,47.703180467031196,0.09745070393272548,968.3305476720237,2.8243716327263297,45.43936811275695,0.09489774599220194,46.67708880605589,0.09784186481509378
NGC4085,18.0,7,178622741809.39102,0.015873268948971595,6.2,36.5297044726699,-0.23490620456262137,44.7404136843975,-0.23690585111917675,229.8653766752659,2.1080005142544413,32.66831206291025,-0.23893398237914779,37.25931145620885,-0.2368117960531913
UGC07089,18.0,12,53971272751.27848,0.140251482123562,9.16,6.916615213172818,0.22804688495016637,7.385727928350965,0.2228405563140344,88.30853235845201,3.3390680035999574,6.137292573498105,0.2216327432639965,6.805386807720043,0.22498823291568712
KK98-251,6.8,15,1043250520.0232449,0.583225779258134,3.13,16.30293122178242,0.4167842082595908,16.817811331700756,0.4031519240985862,114.19464549663812,8.595848920012276,14.893131639773571,0.40759739148931884,16.138772618505108,0.4132554749888027
UGC02455,6.92,8,19416672087.887035,0.06674556147185941,4.03,107.95872555439382,-0.4757874382278322,127.42859013982938,-0.4775902339422634,52.06884744310474,1.6678504645768153,96.47188920133493,-0.47873619269681633,108.9885004967886,-0.47709307552736346
UGCA281,5.68,7,102420792.30125524,0.1910122373863717,1.08,18.04988983802662,0.4064786548248643,21.10814798868477,0.3997458714202349,208.68458470638313,15.559308106402,14.75273650508704,0.39382308806600136,17.813596903827705,0.402975589223907
CamB,3.36,9,201135999.63272902,0.20276119777642443,1.79,10.657529345443262,-0.28389532993619265,12.455652695619108,-0.28741315142716434,50.150494262570405,4.641531025486552,9.851184221455801,-0.28892727806247304,10.776845689358023,-0.285678905981076
NGC3949,18.0,7,305188605988.4914,0.033307244373762715,7.07,32.768951040461936,-0.14116493081836393,40.26488670946963,-0.14360699322454148,230.59177330420584,2.1228826961928733,29.40360987340697,-0.14542655156193435,33.53279351732642,-0.14330400031467314
NGC7814,14.4,18,1562542956086.2341,0.010044693235616468,19.53,165.38464836668624,0.19303739729861988,173.34456791466303,0.1900030211962165,1328.3808864574441,2.227370731840158,152.27957478857354,0.18698812125533662,163.23086303839392,0.19006594213092462
UGC02916,65.4,43,6831484214132.961,0.0446698944981845,38.0,247.75913072485605,-0.02883232855074098,259.75250759710445,-0.03180514474050833,2682.5503701435673,2.1361758840995417,253.9191448513258,-0.03360586049136389,253.80282412819517,-0.031251180803453814
UGC01281,5.27,25,4346488411.076244,0.30509165753909845,4.99,18.02643842342391,0.6336182866428396,18.525312227995922,0.6237641171839177,58.79272573009825,8.104002773369418,17.12440603531547,0.6241875998558039,17.933015597704642,0.6295494925623878
NGC2903,6.6,34,2208357406420.084,0.025974656073965856,24.96,232.1318461560051,-0.02614727144006102,241.45410324363374,-0.02887245988050146,3119.862908909271,1.7206492581754815,230.39107378081943,-0.03086485893369617,234.44557171369237,-0.028572811267568395
NGC4088,18.0,12,2762765603621.7573,0.04822677378948662,21.48,56.27334197743635,-0.19303882280391904,63.206698331141624,-0.19550538638910908,123.60433672991734,1.0113034759652055,53.526320006581564,-0.19694762260196585,57.32964041361474,-0.19504869187050333
UGC05414,9.4,6,6764091980.355648,0.2041383834870352,4.11,31.336117491230254,0.27662448567916315,37.977629904507026,0.27016415555254536,305.85571295465064,5.4602338886957,25.42567771680652,0.2694386547994965,30.925242245565887,0.2734448431685705
UGC06787,21.3,71,4184576026192.0815,0.016150501594412458,37.19,612.2426379195622,0.16268762855429433,613.9604310884231,0.15955218845356015,4319.254465249674,2.8289686574653365,592.6068009486421,0.15709351359878745,605.9073315827077,0.15979176445975232
UGC07690,8.11,7,5837320400.541609,0.1722165071009795,4.13,10.62445795770224,0.2705799178031832,12.364060556766471,0.2646528910436495,142.07641429455057,5.524243067879475,8.83312120933842,0.263508543278553,10.464040182540561,0.26741533027954417
NGC2366,3.27,26,7376725530.794979,0.48407969481361596,6.06,66.97952270466527,0.4642385252767272,67.58423553309318,0.451089975904309,342.587391031714,6.127040517122375,63.39625783644693,0.4562393087227164,66.44916082389213,0.4605915992520077
