name,status,chi2,chi2_per_n,r_obs,v_obs,v_err,v_model,v_baryon
D631-7,success,6240.478774646026,390.02992341537663,"[0.45 0.9  1.35 1.8  2.25 2.69 3.14 3.59 4.04 4.49 4.94 5.39 5.84 6.29
 6.74 7.19]","[ 8.41 17.8  26.   30.9  34.7  38.8  42.5  45.6  48.8  51.8  54.8  56.6
 58.4  58.5  57.7  57.3 ]","[1.58 2.22 2.35 2.22 1.82 1.81 1.57 1.59 1.83 1.91 2.19 2.73 3.27 3.95
 4.07 3.94]",[0. 0. 0. 0. 0. 0. 0. 0. 0. 0. 0. 0. 0. 0. 0. 0.],[0. 0. 0. 0. 0. 0. 0. 0. 0. 0. 0. 0. 0. 0. 0. 0.]
DDO064,success,690.3822684736218,49.31301917668727,[0.1  0.3  0.49 0.69 0.89 1.09 1.29 1.48 1.68 1.88 2.08 2.27 2.37 2.98],"[ 6.29 13.9  15.6  18.4  22.5  26.5  35.3  40.5  44.2  46.3  46.4  46.3
 46.4  46.9 ]",[4.62 4.62 4.62 4.62 4.62 4.62 4.62 4.62 4.89 4.62 4.62 4.62 6.73 8.65],[0. 0. 0. 0. 0. 0. 0. 0. 0. 0. 0. 0. 0. 0.],[0. 0. 0. 0. 0. 0. 0. 0. 0. 0. 0. 0. 0. 0.]
DDO154,success,200983.02976332197,16748.585813610163,[0.49 0.99 1.48 1.97 2.47 2.96 3.46 3.95 4.44 4.94 5.43 5.92],[13.8 21.6 28.9 34.3 38.2 42.  44.6 46.3 47.4 48.2 47.4 45.5],[1.6 0.8 0.7 0.5 0.4 0.2 0.2 0.2 0.3 0.6 0.7 1.3],[0. 0. 0. 0. 0. 0. 0. 0. 0. 0. 0. 0.],[0. 0. 0. 0. 0. 0. 0. 0. 0. 0. 0. 0.]
DDO161,success,49151.04003946607,1585.5174206279378,"[ 0.6   0.73  0.85  0.98  1.07  1.54  2.02  2.49  2.96  3.43  3.9   4.37
  4.86  5.34  5.81  6.28  6.75  7.22  7.69  8.16  8.64  9.11  9.58 10.05
 10.52 10.99 11.46 11.94 12.41 12.9  13.37]","[16.  16.6 18.6 20.  21.4 28.9 32.9 35.2 37.6 40.6 42.7 45.5 48.9 51.5
 53.  55.  57.6 59.7 60.5 61.8 62.9 63.  64.5 65.6 67.5 66.8 66.8 66.6
 66.8 66.3 66.1]","[3.53 4.83 2.5  7.58 4.03 2.74 2.65 2.88 3.05 3.68 3.25 2.99 1.96 1.53
 1.86 1.48 0.99 1.19 1.26 1.33 1.35 2.09 2.38 1.08 3.22 2.37 0.95 0.96
 0.99 0.74 1.31]","[0. 0. 0. 0. 0. 0. 0. 0. 0. 0. 0. 0. 0. 0. 0. 0. 0. 0. 0. 0. 0. 0. 0. 0.
 0. 0. 0. 0. 0. 0. 0.]","[0. 0. 0. 0. 0. 0. 0. 0. 0. 0. 0. 0. 0. 0. 0. 0. 0. 0. 0. 0. 0. 0. 0. 0.
 0. 0. 0. 0. 0. 0. 0.]"
DDO168,success,7728.041045575053,772.8041045575053,[0.41 0.82 1.24 1.64 2.06 2.47 2.89 3.3  3.71 4.12],[15.  23.4 29.2 36.2 44.  52.1 52.9 54.8 55.  52. ],[4.1 1.3 1.5 1.1 1.1 1.2 1.7 2.2 2.5 2.7],[0. 0. 0. 0. 0. 0. 0. 0. 0. 0.],[0. 0. 0. 0. 0. 0. 0. 0. 0. 0.]
DDO170,success,17986.23098586728,2248.27887323341,[ 1.87  3.36  4.86  6.35  7.85  9.34 10.83 12.33],[27.7 42.4 52.5 55.6 58.6 59.  60.  62.2],[3.  1.5 1.  1.  1.1 1.2 1.3 1. ],[0. 0. 0. 0. 0. 0. 0. 0.],[0. 0. 0. 0. 0. 0. 0. 0.]
ESO079-G014,success,31295.22672290467,2086.348448193645,"[ 0.41  0.98  1.78  2.69  3.36  4.39  5.65  6.34  6.89  8.34 10.04 11.65
 13.36 15.06 16.67]","[ 33.2  50.4  53.9  67.6  81.7 102.  116.  132.  137.  154.  163.  170.
 175.  177.  178. ]","[11.6  11.8   9.75  5.1   5.06  5.35  6.44  9.1   5.25  4.2   3.28  2.41
  2.18  2.23  2.03]",[0. 0. 0. 0. 0. 0. 0. 0. 0. 0. 0. 0. 0. 0. 0.],[0. 0. 0. 0. 0. 0. 0. 0. 0. 0. 0. 0. 0. 0. 0.]
ESO116-G012,success,17982.96483955599,1198.864322637066,"[0.25 0.83 1.38 1.85 2.68 3.19 3.68 4.13 5.23 6.05 6.81 7.56 8.32 9.09
 9.86]","[ 20.9  40.   51.5  67.9  80.2  83.3  91.4 102.  105.  109.  108.  109.
 110.  111.  112. ]","[3.4  3.29 2.96 3.45 2.93 3.08 2.83 5.4  4.21 2.1  2.1  2.1  2.1  2.33
 4.74]",[0. 0. 0. 0. 0. 0. 0. 0. 0. 0. 0. 0. 0. 0. 0.],[0. 0. 0. 0. 0. 0. 0. 0. 0. 0. 0. 0. 0. 0. 0.]
ESO563-G021,success,44931.84391702405,1497.7281305674685,"[ 0.45  1.34  2.23  3.12  4.01  4.9   5.79  6.69  7.58  8.47 10.23 12.06
 13.44 15.18 16.83 18.56 20.3  21.94 23.68 25.41 27.06 28.8  30.53 32.18
 33.91 35.65 37.3  39.03 40.76 42.41]","[ 18.9  58.3  74.1 119.  141.  195.  227.  246.  268.  283.  291.  310.
 310.  310.  314.  317.  319.  318.  317.  317.  312.  312.  311.  310.
 313.  320.  321.  320.  315.  312. ]","[ 9.78 10.5   5.69  4.27  3.76  4.54  4.2   4.24  5.56  2.96  9.81  4.74
 20.4  16.1  13.5  12.7  10.4  10.8   9.3   7.23  8.39  8.37 11.5  14.5
 15.9   8.83  7.88  8.    9.82  9.07]","[0. 0. 0. 0. 0. 0. 0. 0. 0. 0. 0. 0. 0. 0. 0. 0. 0. 0. 0. 0. 0. 0. 0. 0.
 0. 0. 0. 0. 0. 0.]","[0. 0. 0. 0. 0. 0. 0. 0. 0. 0. 0. 0. 0. 0. 0. 0. 0. 0. 0. 0. 0. 0. 0. 0.
 0. 0. 0. 0. 0. 0.]"
F561-1,success,454.2584,75.70973333333333,[1.61 3.23 4.84 6.45 8.06 9.66],[23.4 40.6 45.5 49.2 50.4 50.4],[10.  5.  5.  5.  5.  5.],[0. 0. 0. 0. 0. 0.],[0. 0. 0. 0. 0. 0.]
F563-1,success,1184.740937917604,69.69064340691789,"[ 1.07  1.78  2.49  2.97  3.04  3.19  6.95  8.58  9.26  9.89 10.08 11.84
 14.56 15.43 17.93 19.02 20.1 ]","[ 22.1  42.7  60.6  76.8  81.6  87.   90.   97.8  93.7 103.   97.4 106.5
 112.  111.5 111.  112.5 106. ]","[ 7.17 10.66  7.69 11.1  17.5   8.93 24.8   9.4  25.3  23.8  11.    9.48
 11.    9.4  24.3   7.75 10.7 ]",[0. 0. 0. 0. 0. 0. 0. 0. 0. 0. 0. 0. 0. 0. 0. 0. 0.],[0. 0. 0. 0. 0. 0. 0. 0. 0. 0. 0. 0. 0. 0. 0. 0. 0.]
F563-V2,success,542.1200629253635,54.21200629253635,[ 0.28  0.87  1.46  2.05  2.35  4.76  7.86  8.7  10.18 10.47],[ 11.9  34.8  58.5  81.5  91.8 114.  116.  117.  118.  118. ],[ 7.89  7.89  8.68 14.2  17.5   8.68  8.68 16.6  51.9  40.3 ],[0. 0. 0. 0. 0. 0. 0. 0. 0. 0.],[0. 0. 0. 0. 0. 0. 0. 0. 0. 0.]
F568-V1,success,1483.6138323537325,98.90758882358217,"[ 0.39  1.18  1.95  2.74  3.53  4.3   5.09  5.87  6.4   7.44  8.21  9.
  9.72 11.79 17.63]","[ 17.4  46.3  69.1  85.2  93.2 100.  108.  112.  113.  113.  112.  111.
 111.  113.  118. ]","[30.4 37.1 13.1  6.2  6.2 12.4  6.2  6.2 24.9 15.5 13.1 26.4 19.4 12.5
 14.6]",[0. 0. 0. 0. 0. 0. 0. 0. 0. 0. 0. 0. 0. 0. 0.],[0. 0. 0. 0. 0. 0. 0. 0. 0. 0. 0. 0. 0. 0. 0.]
F571-8,success,6790.450610466489,522.3423546512684,"[ 0.22  0.78  1.33  2.33  3.44  3.78  4.77  5.44  6.11  7.22  9.33 11.1
 15.55]","[ 12.4  37.5  56.5  69.1  85.5  87.1 105.  112.  116.  124.  135.  140.
 144. ]",[7.  4.  4.  4.  7.5 8.4 4.  6.7 4.  4.  4.  4.  5. ],[0. 0. 0. 0. 0. 0. 0. 0. 0. 0. 0. 0. 0.],[0. 0. 0. 0. 0. 0. 0. 0. 0. 0. 0. 0. 0.]
F571-V1,success,892.698614739229,127.52837353417557,[ 1.95  3.88  5.83  7.78  9.72 11.66 13.59],[32.  57.6 70.9 77.  82.5 84.3 83.9],[10. 10.  7.  6.  6.  6.  6.],[0. 0. 0. 0. 0. 0. 0.],[0. 0. 0. 0. 0. 0. 0.]
F574-1,success,4780.472971534827,341.4623551096305,"[ 0.47  1.41  2.35  3.29  4.22  5.17  6.11  7.05  7.99  8.92  9.87 10.79
 11.8  12.6 ]",[15.3 41.  60.7 74.9 83.  86.8 89.4 92.5 94.7 96.3 97.8 98.8 99.5 99.7],[4.4  4.36 4.4  4.4  6.28 4.4  4.4  4.4  4.4  4.4  4.4  4.62 4.4  5.14],[0. 0. 0. 0. 0. 0. 0. 0. 0. 0. 0. 0. 0. 0.],[0. 0. 0. 0. 0. 0. 0. 0. 0. 0. 0. 0. 0. 0.]
F579-V1,success,1306.160061544009,93.2971472531435,"[ 0.42  1.47  2.11  2.84  3.9   4.74  5.69  6.32  7.37  8.21  9.16 10.85
 12.21 15.16]","[ 35.7  83.3  94.2  97.6 101.  105.  106.  108.  110.  112.  113.  114.
 114.  114. ]",[ 9.1  9.3 10.4  9.1  9.1 16.7  9.1 11.5 23.  19.7  9.1  9.1  9.1 11.2],[0. 0. 0. 0. 0. 0. 0. 0. 0. 0. 0. 0. 0. 0.],[0. 0. 0. 0. 0. 0. 0. 0. 0. 0. 0. 0. 0. 0.]
F583-1,success,2884.4882512656004,115.37953005062401,"[ 0.26  0.44  0.77  0.89  1.22  1.55  1.8   2.21  2.31  2.54  3.1   3.43
  3.86  4.09  4.37  4.76  5.4   5.86  6.08  6.43  6.97  7.96 10.29 15.49
 16.26]","[14.6 10.  10.7 17.4 23.5 31.  32.3 40.9 43.8 44.8 51.7 55.7 59.4 62.
 63.  66.6 71.3 72.3 73.4 72.4 77.1 80.3 84.7 86.9 85.8]","[13.    7.    7.13  9.6  11.2   5.2   2.41  5.9   4.26  4.5  12.7   4.5
  9.85  4.5   3.2   6.9   2.95 15.5   6.    5.81 12.1  13.5   6.    5.6
  8.6 ]","[0. 0. 0. 0. 0. 0. 0. 0. 0. 0. 0. 0. 0. 0. 0. 0. 0. 0. 0. 0. 0. 0. 0. 0.
 0.]","[0. 0. 0. 0. 0. 0. 0. 0. 0. 0. 0. 0. 0. 0. 0. 0. 0. 0. 0. 0. 0. 0. 0. 0.
 0.]"
IC2574,success,58089.400354420926,1708.5117751300272,"[ 0.85  1.14  1.42  1.71  1.99  2.28  2.55  2.84  3.13  3.41  3.7   3.98
  4.26  4.55  4.84  5.12  5.41  5.68  5.97  6.26  6.54  6.83  7.1   7.39
  7.68  7.96  8.25  8.52  8.81  9.1   9.38  9.67  9.96 10.23]","[10.3 12.9 16.4 18.6 19.8 26.1 27.7 29.7 33.  34.8 35.  39.  35.9 40.
 38.7 41.8 42.9 44.4 46.1 49.  51.9 53.1 54.  55.9 58.8 57.3 54.  63.8
 60.5 61.  66.  65.2 67.1 67.5]","[ 0.2  2.7  1.8  2.1  2.   0.6  2.7  2.6  3.4  1.2  0.9 10.2  5.4  4.1
  1.4  0.5  0.4  1.7  1.3  0.9  0.6  2.1  0.5  1.1  3.6  4.6  9.  12.
  6.2  5.7  1.3  3.4  4.7  9.3]","[0. 0. 0. 0. 0. 0. 0. 0. 0. 0. 0. 0. 0. 0. 0. 0. 0. 0. 0. 0. 0. 0. 0. 0.
 0. 0. 0. 0. 0. 0. 0. 0. 0. 0.]","[0. 0. 0. 0. 0. 0. 0. 0. 0. 0. 0. 0. 0. 0. 0. 0. 0. 0. 0. 0. 0. 0. 0. 0.
 0. 0. 0. 0. 0. 0. 0. 0. 0. 0.]"
IC4202,success,57149.04913577785,1785.9077854930579,"[ 0.77  1.59  2.36  3.13  3.95  4.73  5.5   6.27  7.08  7.86  8.66  9.45
 10.24 11.02 11.79 12.47 13.34 14.11 14.59 14.98 15.75 16.52 17.1  17.88
 18.65 19.62 20.78 22.13 23.   23.58 25.03 25.9 ]","[ 35.1  77.9 115.  156.  192.  204.  209.  220.  231.  235.  245.  246.
 239.  240.  240.  246.  241.  250.  242.  244.  248.  249.  246.  241.
 247.  234.  249.  236.  245.  243.  238.  247. ]","[ 3.96  3.95  6.7   3.16  3.14  2.9   3.36  3.25  3.49  4.65  6.    5.57
  6.95  7.16  4.85  7.68  6.21  5.62  5.1   7.41  5.08  5.22  6.35 16.2
 14.6  20.9  10.   16.1  22.1   4.2   7.76  6.14]","[0. 0. 0. 0. 0. 0. 0. 0. 0. 0. 0. 0. 0. 0. 0. 0. 0. 0. 0. 0. 0. 0. 0. 0.
 0. 0. 0. 0. 0. 0. 0. 0.]","[0. 0. 0. 0. 0. 0. 0. 0. 0. 0. 0. 0. 0. 0. 0. 0. 0. 0. 0. 0. 0. 0. 0. 0.
 0. 0. 0. 0. 0. 0. 0. 0.]"
KK98-251,success,2125.5779249999996,141.70519499999997,"[0.25 0.41 0.57 0.74 0.9  1.07 1.24 1.4  1.57 1.72 1.89 2.06 2.46 2.79
 3.13]","[ 4.25  6.84  9.56 12.3  15.1  17.5  19.7  21.8  24.4  27.3  30.3  32.6
 33.3  34.6  34.2 ]",[2. 2. 2. 2. 2. 2. 2. 2. 2. 2. 2. 2. 2. 2. 2.],[0. 0. 0. 0. 0. 0. 0. 0. 0. 0. 0. 0. 0. 0. 0.],[0. 0. 0. 0. 0. 0. 0. 0. 0. 0. 0. 0. 0. 0. 0.]
NGC0024,success,7505.192601931107,258.7997448941761,"[ 0.21  0.32  0.43  0.54  0.64  0.74  0.85  0.96  1.07  1.17  1.28  1.38
  1.48  1.59  1.7   1.8   1.91  2.02  2.13  2.23  2.34  2.44  2.54  2.65
  2.76  7.07  8.49  9.91 11.27]","[ 17.4  31.   36.1  46.   58.   63.4  71.9  76.4  78.1  80.5  82.8  85.6
  88.   92.   92.4  95.1  96.5 101.   99.9 103.  104.  107.  107.  106.
 107.  104.  106.  109.  110. ]","[ 6.51  8.86  8.16  8.52  6.9   9.55  8.52  6.82  6.65  6.14  5.8   6.48
  7.5   8.52  8.52  9.2   8.52  8.86  9.55  8.18  8.52  9.2   9.55 11.2
 11.2   3.11  2.55  4.95  2.83]","[0. 0. 0. 0. 0. 0. 0. 0. 0. 0. 0. 0. 0. 0. 0. 0. 0. 0. 0. 0. 0. 0. 0. 0.
 0. 0. 0. 0. 0.]","[0. 0. 0. 0. 0. 0. 0. 0. 0. 0. 0. 0. 0. 0. 0. 0. 0. 0. 0. 0. 0. 0. 0. 0.
 0. 0. 0. 0. 0.]"
NGC0055,success,18014.825472636603,857.8488320303144,"[ 1.23  1.84  2.46  3.07  3.68  4.3   4.91  5.52  6.14  6.75  7.37  7.98
  8.59  9.21  9.82 10.43 11.05 11.66 12.28 12.89 13.5 ]","[28.7 37.6 43.1 50.1 58.1 64.6 68.5 72.3 74.2 78.9 82.4 84.3 85.4 85.3
 86.8 85.4 85.4 86.2 86.1 87.4 86.5]","[3.4 2.6 1.2 2.8 4.5 4.1 2.7 0.8 2.4 2.6 2.3 4.8 7.3 4.6 4.  5.7 7.  4.1
 6.2 2.5 5.5]",[0. 0. 0. 0. 0. 0. 0. 0. 0. 0. 0. 0. 0. 0. 0. 0. 0. 0. 0. 0. 0.],[0. 0. 0. 0. 0. 0. 0. 0. 0. 0. 0. 0. 0. 0. 0. 0. 0. 0. 0. 0. 0.]
NGC0100,success,4494.326909959412,214.01556714092436,"[0.23 0.69 1.15 1.59 2.05 2.51 2.97 3.42 3.88 4.34 4.79 5.24 5.7  6.16
 7.16 7.52 7.98 8.44 8.9  9.35 9.62]","[ 6.81 20.   33.   42.7  49.9  55.5  61.9  67.9  73.1  76.1  77.8  79.
 78.5  79.8  83.4  84.6  86.1  87.5  89.   90.4  91.2 ]","[ 8.19  4.09  4.    4.    4.    4.    4.    4.    4.    3.    5.34  4.
  5.6   7.15  5.12  4.    5.53 10.2   7.77  5.16 13.7 ]",[0. 0. 0. 0. 0. 0. 0. 0. 0. 0. 0. 0. 0. 0. 0. 0. 0. 0. 0. 0. 0.],[0. 0. 0. 0. 0. 0. 0. 0. 0. 0. 0. 0. 0. 0. 0. 0. 0. 0. 0. 0. 0.]
NGC0247,success,34413.02200293943,1323.5777693438245,"[ 1.08  1.61  2.15  2.7   3.22  3.77  4.31  4.85  5.38  5.92  6.46  6.99
  7.53  8.07  8.62  9.14  9.69 10.23 10.76 11.3  11.84 12.38 12.91 13.48
 14.01 14.54]","[ 34.6  47.   59.1  64.4  67.4  69.8  71.3  73.2  75.1  78.5  81.4  83.5
  87.1  90.7  93.1  95.9  98.4 101.  103.  104.  105.  105.  105.  106.
 108.  107. ]","[0.9 0.8 3.1 1.4 2.3 0.7 1.1 1.7 3.  3.8 5.  7.  7.2 4.8 1.4 2.1 5.2 8.2
 9.4 9.4 8.9 8.4 9.  8.4 7.7 9.2]","[0. 0. 0. 0. 0. 0. 0. 0. 0. 0. 0. 0. 0. 0. 0. 0. 0. 0. 0. 0. 0. 0. 0. 0.
 0. 0.]","[0. 0. 0. 0. 0. 0. 0. 0. 0. 0. 0. 0. 0. 0. 0. 0. 0. 0. 0. 0. 0. 0. 0. 0.
 0. 0.]"
NGC0289,success,21209.22720773573,757.4724002762761,"[ 1.5   2.52  3.46  4.32  5.43  6.38  7.57 10.6  13.57 16.64 19.71 22.68
 25.75 28.72 31.79 34.77 37.84 40.81 43.88 46.85 49.92 52.99 55.96 59.03
 62.   65.07 68.05 71.12]","[164. 194. 175. 185. 175. 167. 176. 185. 183. 172. 161. 156. 159. 173.
 177. 179. 181. 182. 182. 180. 177. 175. 172. 168. 158. 158. 166. 165.]","[28.2  32.   25.2  31.5  27.9  27.2   7.18  4.29  4.22  4.33  4.24  5.08
  6.49  6.97  6.57  4.47  4.26  4.26  4.83  5.5   8.5  11.   11.6  12.6
  5.38  6.5  15.5   8.75]","[0. 0. 0. 0. 0. 0. 0. 0. 0. 0. 0. 0. 0. 0. 0. 0. 0. 0. 0. 0. 0. 0. 0. 0.
 0. 0. 0. 0.]","[0. 0. 0. 0. 0. 0. 0. 0. 0. 0. 0. 0. 0. 0. 0. 0. 0. 0. 0. 0. 0. 0. 0. 0.
 0. 0. 0. 0.]"
NGC0300,success,12407.142579744937,496.2857031897975,"[ 0.91  1.36  1.82  2.27  2.72  3.17  3.63  4.08  4.54  4.99  5.45  5.9
  6.36  6.81  7.26  7.71  8.17  8.62  9.07  9.53  9.96 10.45 10.93 11.32
 11.8 ]","[33.1 46.7 53.9 58.8 65.6 70.8 82.1 84.1 83.4 81.5 80.8 82.8 88.2 88.5
 88.4 88.2 89.5 89.7 93.7 97.  96.2 94.8 92.5 92.8 93.5]","[ 3.9  2.7  4.7  2.5  2.6  2.7  4.9  6.6  6.2  2.7  4.  12.4 11.7  8.5
  8.9 10.8  3.1  9.5  7.3  5.7  1.5  2.1 13.9 10.6 12.1]","[0. 0. 0. 0. 0. 0. 0. 0. 0. 0. 0. 0. 0. 0. 0. 0. 0. 0. 0. 0. 0. 0. 0. 0.
 0.]","[0. 0. 0. 0. 0. 0. 0. 0. 0. 0. 0. 0. 0. 0. 0. 0. 0. 0. 0. 0. 0. 0. 0. 0.
 0.]"
NGC0801,success,32885.26062950264,2529.635433038665,"[ 1.17  1.56  1.96  2.73  3.52 10.59 17.65 24.61 31.67 38.74 45.8  52.86
 59.82]",[123. 142. 205. 228. 238. 229. 225. 220. 222. 219. 214. 216. 216.],[6.2 6.2 6.2 6.2 6.2 4.2 6.9 4.  2.4 4.1 4.7 2.6 8.8],[0. 0. 0. 0. 0. 0. 0. 0. 0. 0. 0. 0. 0.],[0. 0. 0. 0. 0. 0. 0. 0. 0. 0. 0. 0. 0.]
NGC0891,success,78385.71487939745,4354.7619377443025,"[ 0.92  2.32  3.24  4.17  5.1   6.03  6.96  7.89  8.8   9.73 10.64 11.58
 12.52 13.46 14.4  15.33 16.27 17.11]","[234. 192. 212. 223. 222. 224. 224. 226. 226. 227. 227. 224. 220. 218.
 217. 216. 210. 208.]","[12.   12.    6.3   4.41  4.01  3.85  3.23  3.4   3.21  2.75  2.65  2.35
  2.43  2.3   2.77  4.43  4.47  4.35]",[0. 0. 0. 0. 0. 0. 0. 0. 0. 0. 0. 0. 0. 0. 0. 0. 0. 0.],[0. 0. 0. 0. 0. 0. 0. 0. 0. 0. 0. 0. 0. 0. 0. 0. 0. 0.]
NGC1003,success,66323.36656731881,1842.315737981078,"[ 1.25  2.08  2.9   3.73  4.56  5.39  6.22  7.04  7.87  8.7   9.54 10.34
 11.21 11.98 12.85 13.72 14.49 15.36 16.13 17.   17.78 18.65 19.52 20.29
 21.16 21.93 22.8  23.67 24.44 25.31 26.08 26.95 27.73 28.6  29.47 30.24]","[ 47.   59.5  71.6  77.6  83.4  89.7  93.8  99.  103.  100.   98.3  98.4
  94.5  94.9  95.3  96.9  97.2 100.  104.  104.  105.  109.  110.  107.
 106.  106.  108.  109.  110.  110.  110.  113.  114.  112.  113.  115. ]","[7.6 4.5 3.7 3.1 3.6 3.8 2.4 3.  2.5 2.3 2.  1.7 1.8 2.4 1.6 1.8 1.3 1.8
 2.7 3.2 3.4 3.9 3.8 3.8 3.8 4.  3.4 3.2 3.3 2.7 2.4 2.5 2.2 1.7 1.8 1.6]","[0. 0. 0. 0. 0. 0. 0. 0. 0. 0. 0. 0. 0. 0. 0. 0. 0. 0. 0. 0. 0. 0. 0. 0.
 0. 0. 0. 0. 0. 0. 0. 0. 0. 0. 0. 0.]","[0. 0. 0. 0. 0. 0. 0. 0. 0. 0. 0. 0. 0. 0. 0. 0. 0. 0. 0. 0. 0. 0. 0. 0.
 0. 0. 0. 0. 0. 0. 0. 0. 0. 0. 0. 0.]"
NGC1090,success,63708.321638009846,2654.5134015837434,"[ 0.35  1.07  1.6   3.7   5.09  6.61  8.17  9.11 10.37 11.28 13.62 15.04
 16.37 17.59 18.8  20.13 21.35 22.57 23.89 25.11 26.33 27.65 28.87 30.09]","[ 20.9  61.7  81.3 124.  156.  166.  165.  174.  164.  176.  174.  168.
 166.  167.  167.  165.  165.  165.  165.  163.  162.  162.  162.  160. ]","[ 9.81  8.19  4.32  3.41  7.02  6.34 12.1   4.84  5.86  7.35  3.28  2.23
  2.23  4.59  5.3   3.48  3.12  2.39  2.23  2.23  2.23  2.23  2.23  2.23]",[0. 0. 0. 0. 0. 0. 0. 0. 0. 0. 0. 0. 0. 0. 0. 0. 0. 0. 0. 0. 0. 0. 0. 0.],[0. 0. 0. 0. 0. 0. 0. 0. 0. 0. 0. 0. 0. 0. 0. 0. 0. 0. 0. 0. 0. 0. 0. 0.]
NGC1705,success,3468.435109115284,247.745364936806,[0.22 0.66 1.11 1.55 2.   2.45 2.89 3.34 3.78 4.22 4.66 5.11 5.56 6.  ],[50.2 62.2 72.4 73.2 72.9 72.6 71.5 71.1 71.4 71.5 71.5 71.3 71.8 71.5],"[ 7.5   7.51  5.35  3.31  3.21  2.73  3.41  4.38  4.6   5.68  6.2   6.43
  9.68 10.5 ]",[0. 0. 0. 0. 0. 0. 0. 0. 0. 0. 0. 0. 0. 0.],[0. 0. 0. 0. 0. 0. 0. 0. 0. 0. 0. 0. 0. 0.]
NGC2366,success,12028.908832636662,462.6503397167947,"[0.12 0.36 0.59 0.83 1.07 1.31 1.54 1.79 2.02 2.26 2.49 2.74 2.97 3.21
 3.44 3.69 3.92 4.16 4.4  4.64 4.87 5.11 5.35 5.59 5.82 6.06]","[ 4.2   9.41 15.3  18.4  23.4  28.1  33.1  37.5  40.5  42.3  45.2  47.4
 48.1  48.8  50.7  52.1  53.   53.7  51.2  51.6  51.5  50.4  48.5  50.
 49.   49.4 ]","[3.15 1.83 1.37 1.64 2.08 2.46 2.01 1.62 1.68 1.69 1.91 1.95 1.74 1.08
 1.55 2.78 2.98 2.39 2.21 1.45 1.84 2.53 4.6  5.91 7.42 5.92]","[0. 0. 0. 0. 0. 0. 0. 0. 0. 0. 0. 0. 0. 0. 0. 0. 0. 0. 0. 0. 0. 0. 0. 0.
 0. 0.]","[0. 0. 0. 0. 0. 0. 0. 0. 0. 0. 0. 0. 0. 0. 0. 0. 0. 0. 0. 0. 0. 0. 0. 0.
 0. 0.]"
NGC2403,success,1509158.0516553842,20673.397967881974,"[ 0.16  0.26  0.36  0.46  0.56  0.66  0.76  0.86  0.96  1.06  1.16  1.27
  1.36  1.47  1.57  1.67  1.77  1.87  1.97  2.08  2.18  2.28  2.37  2.47
  2.57  2.68  2.78  2.88  2.98  3.08  3.19  3.29  3.39  3.49  3.59  3.69
  3.79  3.9   3.99  4.47  4.97  5.47  5.96  6.46  6.96  7.45  7.95  8.45
  8.94  9.44  9.94 10.43 10.93 11.43 11.92 12.42 12.92 13.42 13.91 14.41
 14.91 15.4  15.9  16.4  16.89 17.39 17.89 18.38 18.88 19.38 19.87 20.37
 20.87]","[ 24.5  35.3  43.2  52.   60.9  65.8  71.7  74.6  74.6  76.6  78.5  83.4
  86.4  87.4  90.3  93.3  93.3  95.2  97.2  99.1  98.2  98.2  98.2  97.2
  98.2  98.2  98.2  99.1 100.  102.  101.  101.  103.  107.  110.  112.
 114.  118.  118.  118.  121.  124.  125.  126.  126.  126.  126.  127.
 128.  128.  127.  127.  128.  130.  130.  132.  133.  133.  133.  133.
 134.  134.  133.  134.  134.  136.  136.  135.  133.  134.  136.  135.
 134. ]","[2.83 2.46 1.12 1.25 2.93 1.25 1.25 1.6  1.03 1.12 1.6  1.8  1.6  1.41
 1.41 1.6  1.41 1.25 1.6  2.02 2.02 1.6  1.   1.12 1.41 1.12 1.6  2.69
 2.69 3.16 3.4  3.4  2.93 2.46 2.46 3.4  5.1  5.1  4.85 5.36 2.57 0.22
 0.88 0.45 0.55 0.45 0.24 1.45 1.12 1.68 2.56 1.24 0.21 1.13 2.23 2.68
 2.68 3.37 3.81 2.56 0.56 0.79 0.67 2.35 4.13 3.91 6.38 8.39 7.83 6.26
 5.6  5.24 3.12]","[0. 0. 0. 0. 0. 0. 0. 0. 0. 0. 0. 0. 0. 0. 0. 0. 0. 0. 0. 0. 0. 0. 0. 0.
 0. 0. 0. 0. 0. 0. 0. 0. 0. 0. 0. 0. 0. 0. 0. 0. 0. 0. 0. 0. 0. 0. 0. 0.
 0. 0. 0. 0. 0. 0. 0. 0. 0. 0. 0. 0. 0. 0. 0. 0. 0. 0. 0. 0. 0. 0. 0. 0.
 0.]","[0. 0. 0. 0. 0. 0. 0. 0. 0. 0. 0. 0. 0. 0. 0. 0. 0. 0. 0. 0. 0. 0. 0. 0.
 0. 0. 0. 0. 0. 0. 0. 0. 0. 0. 0. 0. 0. 0. 0. 0. 0. 0. 0. 0. 0. 0. 0. 0.
 0. 0. 0. 0. 0. 0. 0. 0. 0. 0. 0. 0. 0. 0. 0. 0. 0. 0. 0. 0. 0. 0. 0. 0.
 0.]"
NGC2683,success,7184.054722222221,653.0958838383838,[ 2.89  5.77  8.66 11.54 14.43 17.31 20.2  23.08 28.85 31.74 34.62],[189. 212. 206. 200. 172. 190. 169. 150. 160. 155. 151.],[10.  5.  5.  5. 12. 10. 10. 10. 10. 10. 12.],[0. 0. 0. 0. 0. 0. 0. 0. 0. 0. 0.],[0. 0. 0. 0. 0. 0. 0. 0. 0. 0. 0.]
NGC2841,success,150480.10830661753,3009.6021661323507,"[ 3.44  3.77  4.13  4.47  4.8   5.13  5.48  5.83  6.16  6.51  6.86  7.18
  7.51  7.85  8.21  8.57  8.9   9.24  9.6   9.93 10.27 10.6  10.93 11.27
 12.31 14.35 16.4  18.48 20.57 22.51 24.59 26.68 28.77 30.7  32.79 34.88
 36.96 38.9  40.99 43.08 45.16 47.1  49.19 51.27 53.36 55.3  57.38 59.47
 61.56 63.64]","[285. 297. 303. 306. 307. 304. 308. 313. 314. 315. 317. 320. 316. 318.
 321. 323. 321. 323. 323. 322. 321. 323. 322. 321. 323. 319. 308. 299.
 299. 298. 296. 293. 289. 289. 288. 285. 283. 275. 272. 271. 274. 277.
 281. 286. 282. 283. 288. 287. 289. 294.]","[14.4  13.6   8.47  5.93  5.93  8.47  8.47 12.7   9.32  6.78  8.47  7.63
 20.5  23.4   8.48  8.66 12.7  11.   10.4  13.6  13.6   9.32 11.9  11.
  4.24  4.24  4.24  5.66  5.66  5.66  5.66  4.24  4.24  4.24  4.24  4.24
  2.83  2.83  2.83  2.83  4.24  4.24  4.24  4.24  4.24  4.24  5.66  5.66
  7.07  7.07]","[0. 0. 0. 0. 0. 0. 0. 0. 0. 0. 0. 0. 0. 0. 0. 0. 0. 0. 0. 0. 0. 0. 0. 0.
 0. 0. 0. 0. 0. 0. 0. 0. 0. 0. 0. 0. 0. 0. 0. 0. 0. 0. 0. 0. 0. 0. 0. 0.
 0. 0.]","[0. 0. 0. 0. 0. 0. 0. 0. 0. 0. 0. 0. 0. 0. 0. 0. 0. 0. 0. 0. 0. 0. 0. 0.
 0. 0. 0. 0. 0. 0. 0. 0. 0. 0. 0. 0. 0. 0. 0. 0. 0. 0. 0. 0. 0. 0. 0. 0.
 0. 0.]"
NGC2903,success,300201.03736111114,8829.442275326799,"[ 0.32  0.64  0.96  1.28  1.6   1.92  2.24  2.56  2.88  3.2   3.52  3.84
  4.8   5.76  6.72  7.68  8.64  9.6  10.56 11.52 12.48 13.44 14.4  15.36
 16.32 17.28 18.24 19.2  20.16 21.12 22.08 23.04 24.   24.96]","[ 44.  64. 128. 148. 157. 189. 195. 201. 214. 215. 215. 216. 214. 210.
 205. 203. 201. 201. 199. 197. 196. 193. 190. 188. 187. 188. 186. 185.
 185. 181. 178. 177. 182. 180.]","[8. 8. 8. 8. 8. 8. 6. 6. 4. 4. 4. 3. 2. 2. 2. 1. 1. 1. 1. 1. 2. 3. 3. 5.
 5. 3. 3. 3. 3. 3. 3. 3. 4. 8.]","[0. 0. 0. 0. 0. 0. 0. 0. 0. 0. 0. 0. 0. 0. 0. 0. 0. 0. 0. 0. 0. 0. 0. 0.
 0. 0. 0. 0. 0. 0. 0. 0. 0. 0.]","[0. 0. 0. 0. 0. 0. 0. 0. 0. 0. 0. 0. 0. 0. 0. 0. 0. 0. 0. 0. 0. 0. 0. 0.
 0. 0. 0. 0. 0. 0. 0. 0. 0. 0.]"
NGC2915,success,3480.5791990091757,116.01930663363919,"[ 0.34  0.67  1.    1.34  1.68  2.01  2.34  2.67  3.01  3.35  3.68  4.02
  4.35  4.68  5.02  5.35  5.69  6.03  6.36  6.69  7.02  7.36  7.7   8.03
  8.37  8.7   9.03  9.37  9.7  10.04]","[13.5 31.3 35.3 50.5 61.  66.5 74.4 83.  86.4 83.6 79.8 82.8 83.5 80.4
 80.3 82.1 82.4 80.9 79.  81.4 79.7 77.5 79.9 81.5 82.2 82.  84.7 86.1
 85.3 86.5]","[10.1  12.5  13.4   9.38 10.1  11.9  11.6   9.17  7.66  8.18  7.93  6.95
  7.19  7.85  7.57  7.92  8.33  7.88  6.15  6.11  5.59  6.33  6.41  7.86
  7.82  7.09  5.74  5.54  5.23  6.45]","[0. 0. 0. 0. 0. 0. 0. 0. 0. 0. 0. 0. 0. 0. 0. 0. 0. 0. 0. 0. 0. 0. 0. 0.
 0. 0. 0. 0. 0. 0.]","[0. 0. 0. 0. 0. 0. 0. 0. 0. 0. 0. 0. 0. 0. 0. 0. 0. 0. 0. 0. 0. 0. 0. 0.
 0. 0. 0. 0. 0. 0.]"
NGC2976,success,7214.991950032783,267.22192407528826,"[0.11 0.17 0.24 0.31 0.38 0.45 0.52 0.59 0.66 0.73 0.8  0.87 0.94 1.01
 1.08 1.14 1.21 1.29 1.35 1.42 1.49 1.56 1.63 1.74 1.93 2.1  2.27]","[ 6.8  9.5 14.  19.8 26.1 28.7 28.7 31.7 35.5 39.4 42.9 46.  49.1 49.2
 51.4 57.2 63.8 67.8 69.8 71.7 74.1 76.7 79.9 83.6 83.9 88.7 85.3]","[3.62 4.31 3.11 5.5  3.9  3.5  2.7  2.5  2.3  2.1  2.3  2.6  3.1  3.2
 3.2  3.1  2.9  2.8  3.3  3.9  4.4  4.8  4.4  3.35 3.95 4.44 5.36]","[0. 0. 0. 0. 0. 0. 0. 0. 0. 0. 0. 0. 0. 0. 0. 0. 0. 0. 0. 0. 0. 0. 0. 0.
 0. 0. 0.]","[0. 0. 0. 0. 0. 0. 0. 0. 0. 0. 0. 0. 0. 0. 0. 0. 0. 0. 0. 0. 0. 0. 0. 0.
 0. 0. 0.]"
NGC2998,success,48285.95405997694,3714.3041584597645,"[ 0.33  0.99  1.98  2.64  3.63  7.59 12.5  17.48 22.46 27.44 32.32 37.3
 42.28]",[ 90. 125. 148. 180. 201. 206. 214. 212. 213. 214. 213. 213. 203.],[20. 15. 15. 17. 15. 10.  5.  5.  2.  2.  2.  3.  3.],[0. 0. 0. 0. 0. 0. 0. 0. 0. 0. 0. 0. 0.],[0. 0. 0. 0. 0. 0. 0. 0. 0. 0. 0. 0. 0.]
NGC3109,success,9012.061054616921,360.4824421846768,"[0.26 0.52 0.77 1.03 1.29 1.55 1.81 2.06 2.32 2.58 2.84 3.1  3.35 3.61
 3.87 4.13 4.38 4.64 4.9  5.16 5.42 5.67 5.93 6.19 6.45]","[ 6.1 11.2 14.9 19.1 24.3 29.8 34.3 38.2 42.5 42.3 47.3 49.3 50.6 53.
 54.7 55.2 57.5 59.1 61.2 62.7 64.4 66.6 66.3 66.2 67.3]","[1.6 0.7 1.5 2.2 0.9 1.9 1.6 3.5 5.6 3.  4.4 4.  3.5 3.5 3.3 3.1 2.6 2.4
 1.9 1.9 2.9 3.2 3.4 3.2 3. ]","[0. 0. 0. 0. 0. 0. 0. 0. 0. 0. 0. 0. 0. 0. 0. 0. 0. 0. 0. 0. 0. 0. 0. 0.
 0.]","[0. 0. 0. 0. 0. 0. 0. 0. 0. 0. 0. 0. 0. 0. 0. 0. 0. 0. 0. 0. 0. 0. 0. 0.
 0.]"
NGC3198,success,189226.40171565546,4400.613993387336,"[ 0.32  0.64  0.96  1.28  1.61  1.93  2.24  2.57  2.89  3.21  3.54  3.85
  4.17  4.5   4.82  5.15  5.46  5.78  6.1   6.43  6.74  7.06  8.04  9.04
 10.04 11.04 12.05 14.05 16.07 18.13 20.05 22.12 24.03 26.1  28.16 30.08
 32.14 34.06 36.12 38.19 40.1  42.17 44.08]","[ 24.4  43.3  45.5  58.5  68.8  76.9  82.   86.9  97.6 100.  107.  113.
 117.  119.  127.  132.  134.  137.  140.  142.  144.  146.  147.  148.
 152.  155.  156.  157.  153.  153.  154.  153.  150.  149.  148.  146.
 147.  148.  148.  149.  150.  150.  149. ]","[35.9  16.3  16.1  15.4   7.61 10.3   8.09  7.6   3.03  5.31  7.51  7.32
  5.21  5.67  5.39  4.34  2.36  0.89  2.84  0.88  1.23  1.57  3.    3.
  2.    2.    2.    2.    2.    2.    2.    2.    2.    2.    2.    2.
  2.    2.    2.    2.    2.    3.    3.  ]","[0. 0. 0. 0. 0. 0. 0. 0. 0. 0. 0. 0. 0. 0. 0. 0. 0. 0. 0. 0. 0. 0. 0. 0.
 0. 0. 0. 0. 0. 0. 0. 0. 0. 0. 0. 0. 0. 0. 0. 0. 0. 0. 0.]","[0. 0. 0. 0. 0. 0. 0. 0. 0. 0. 0. 0. 0. 0. 0. 0. 0. 0. 0. 0. 0. 0. 0. 0.
 0. 0. 0. 0. 0. 0. 0. 0. 0. 0. 0. 0. 0. 0. 0. 0. 0. 0. 0.]"
NGC3521,success,17648.20297993213,430.4439751202959,"[ 0.51  0.69  0.86  1.03  1.2   1.38  1.55  1.71  1.89  2.06  2.23  2.41
  2.58  2.75  2.92  3.09  3.26  3.43  3.61  3.78  3.95  4.12  4.29  4.46
  4.64  4.81  4.98  5.15  5.32  5.49  5.67  5.84  6.01  6.19  6.35  6.64
  8.82 11.07 13.32 15.49 17.74]","[143. 160. 178. 188. 187. 195. 199. 203. 206. 211. 219. 216. 214. 213.
 210. 214. 213. 212. 215. 217. 219. 220. 218. 220. 220. 216. 220. 218.
 213. 215. 216. 208. 212. 213. 216. 210. 210. 210. 206. 206. 206.]","[33.1  15.    7.92  8.01  8.03  5.6   7.52  6.87  9.22 12.   13.3   9.9
 10.5   8.39 13.3   6.67  9.98 11.2   9.11 10.1   8.05  8.29  8.42  9.71
 20.1  23.5  14.6  12.2  23.1  21.2  18.3  31.7  25.3  23.8  19.6  25.
 10.7  10.7   6.25  6.25 10.7 ]","[0. 0. 0. 0. 0. 0. 0. 0. 0. 0. 0. 0. 0. 0. 0. 0. 0. 0. 0. 0. 0. 0. 0. 0.
 0. 0. 0. 0. 0. 0. 0. 0. 0. 0. 0. 0. 0. 0. 0. 0. 0.]","[0. 0. 0. 0. 0. 0. 0. 0. 0. 0. 0. 0. 0. 0. 0. 0. 0. 0. 0. 0. 0. 0. 0. 0.
 0. 0. 0. 0. 0. 0. 0. 0. 0. 0. 0. 0. 0. 0. 0. 0. 0.]"
NGC3726,success,9154.676084263634,762.8896736886362,[ 3.5   5.24  6.98  8.72 10.47 12.19 13.94 16.03 22.3  27.52 30.08 32.52],[102. 125. 145. 164. 162. 160. 156. 146. 158. 168. 169. 167.],[ 7.    6.1   4.9   3.9   4.8   4.8   4.8   4.85  4.9  10.6  10.6  15.2 ],[0. 0. 0. 0. 0. 0. 0. 0. 0. 0. 0. 0.],[0. 0. 0. 0. 0. 0. 0. 0. 0. 0. 0. 0.]
NGC3741,success,5584.075583812908,265.908361133948,"[0.23 0.47 0.7  0.93 1.17 1.4  1.64 1.87 2.1  2.33 2.57 2.8  3.26 3.73
 4.21 4.67 5.14 5.61 6.07 6.54 7.  ]","[13.1 17.3 23.6 26.2 27.4 26.9 27.4 31.  32.5 33.  36.5 38.9 41.5 42.7
 44.7 46.7 48.5 50.  50.2 50.1 51.6]","[2.19 2.39 2.21 2.21 2.24 2.23 2.21 2.2  2.19 2.19 2.2  2.21 2.21 2.2
 2.22 2.24 2.27 2.32 2.4  2.57 3.24]",[0. 0. 0. 0. 0. 0. 0. 0. 0. 0. 0. 0. 0. 0. 0. 0. 0. 0. 0. 0. 0.],[0. 0. 0. 0. 0. 0. 0. 0. 0. 0. 0. 0. 0. 0. 0. 0. 0. 0. 0. 0. 0.]
NGC3769,success,4301.597747277768,358.46647893981395,[ 1.74  3.5   5.24  6.98  8.72 10.47 12.31 14.52 17.07 31.82 34.61 37.16],[ 87.5 106.  116.  125.  126.  123.  118.  115.  122.  121.  118.  113. ],[ 9.4  7.1  5.3  5.7  4.4  4.4  4.6  6.4 15.2 10.2 10.4 10.5],[0. 0. 0. 0. 0. 0. 0. 0. 0. 0. 0. 0.],[0. 0. 0. 0. 0. 0. 0. 0. 0. 0. 0. 0.]
NGC3877,success,9434.6093029373,725.7391771490231,"[ 0.87  1.74  2.61  3.5   4.37  5.24  6.11  6.98  7.85  8.72  9.6  10.47
 11.35]","[ 37.8  80.1 121.  142.  153.  160.  162.  167.  169.  171.  171.  170.
 169. ]",[9.  9.  8.5 7.3 6.2 5.3 5.3 4.5 5.3 4.9 4.9 5.7 7. ],[0. 0. 0. 0. 0. 0. 0. 0. 0. 0. 0. 0. 0.],[0. 0. 0. 0. 0. 0. 0. 0. 0. 0. 0. 0. 0.]
NGC3893,success,6036.541748277391,603.6541748277391,[ 1.74  3.5   5.24  6.98  8.81 10.9  13.12 15.33 17.3  19.05],[145. 174. 194. 190. 186. 188. 187. 179. 176. 167.],[ 6.8  6.8  6.4  5.5  5.8  7.   8.5 12.6 11.7 13.5],[0. 0. 0. 0. 0. 0. 0. 0. 0. 0.],[0. 0. 0. 0. 0. 0. 0. 0. 0. 0.]
NGC3917,success,15323.096660419444,901.3586270834967,"[ 0.87  1.74  2.61  3.5   4.37  5.24  6.11  6.98  7.85  8.72  9.6  10.47
 11.35 12.19 13.12 13.94 14.86]","[ 24.3  49.6  73.6 101.  107.  115.  123.  130.  134.  136.  137.  136.
 137.  137.  137.  138.  137. ]",[3.9 3.9 5.2 4.4 3.5 3.5 3.9 3.9 3.5 3.9 4.  3.5 3.5 3.5 5.  5.  7.5],[0. 0. 0. 0. 0. 0. 0. 0. 0. 0. 0. 0. 0. 0. 0. 0. 0.],[0. 0. 0. 0. 0. 0. 0. 0. 0. 0. 0. 0. 0. 0. 0. 0. 0.]
NGC3949,success,2957.7601103577085,422.5371586225298,[1.74 2.61 3.5  4.37 5.24 6.11 7.07],[123. 145. 152. 157. 161. 165. 169.],[ 5.5  5.5  6.2  6.6  8.8 11.2 25.5],[0. 0. 0. 0. 0. 0. 0.],[0. 0. 0. 0. 0. 0. 0.]
NGC3953,success,9158.157116421207,1144.769639552651,[ 3.5   5.24  6.98  8.72 10.47 12.19 13.94 15.68],[181. 203. 216. 223. 224. 223. 224. 215.],[7.5 6.5 5.6 6.1 5.6 6.1 6.1 9.7],[0. 0. 0. 0. 0. 0. 0. 0.],[0. 0. 0. 0. 0. 0. 0. 0.]
NGC3972,success,5259.274003441126,525.9274003441126,[0.87 1.74 2.61 3.5  4.37 5.24 6.11 6.98 7.85 8.72],[ 39.6  73.   89.4 102.  110.  116.  123.  130.  134.  134. ],[4.9 5.2 6.6 5.3 4.4 4.4 4.4 3.9 6.1 4.9],[0. 0. 0. 0. 0. 0. 0. 0. 0. 0.],[0. 0. 0. 0. 0. 0. 0. 0. 0. 0.]
NGC3992,success,15333.244438175618,1703.6938264639575,[ 9.19 13.79 18.35 22.94 27.52 32.11 36.7  41.44 46.02],[248. 264. 272. 271. 264. 242. 244. 241. 237.],[7.  6.6 5.7 5.7 5.3 7.4 5.3 6.2 8.6],[0. 0. 0. 0. 0. 0. 0. 0. 0.],[0. 0. 0. 0. 0. 0. 0. 0. 0.]
NGC4010,success,5001.558448387318,416.7965373656098,[ 0.87  1.74  2.61  3.5   4.37  5.24  6.11  6.98  7.85  8.72  9.6  10.47],[ 39.3  54.6  65.5  83.9  94.3 104.  115.  127.  129.  127.  124.  122. ],[6.6 5.6 6.7 5.2 6.3 5.7 5.1 5.1 5.1 5.1 5.1 3.9],[0. 0. 0. 0. 0. 0. 0. 0. 0. 0. 0. 0.],[0. 0. 0. 0. 0. 0. 0. 0. 0. 0. 0. 0.]
NGC4013,success,46687.07241638323,1296.8631226773118,"[ 5.49  6.17  6.92  7.69  8.36  9.12  9.88 10.56 11.31 12.08 12.77 13.47
 14.17 14.98 15.68 16.37 17.19 17.88 18.58 19.39 20.09 20.79 21.48 22.3
 22.99 23.69 24.39 25.2  25.9  26.59 27.41 28.1  28.8  29.61 30.31 31.01]","[198. 195. 194. 195. 195. 195. 192. 188. 186. 186. 186. 185. 180. 163.
 162. 164. 166. 166. 166. 166. 168. 172. 173. 171. 170. 172. 173. 176.
 178. 180. 180. 180. 180. 178. 174. 170.]","[10.  5.  4.  3.  3.  3.  7.  8.  7.  6.  5.  6. 10.  8.  6.  5.  5.  5.
  5.  5.  5.  5.  5.  5.  5.  5.  5.  5.  5.  6.  8.  5.  5.  5.  5. 10.]","[0. 0. 0. 0. 0. 0. 0. 0. 0. 0. 0. 0. 0. 0. 0. 0. 0. 0. 0. 0. 0. 0. 0. 0.
 0. 0. 0. 0. 0. 0. 0. 0. 0. 0. 0. 0.]","[0. 0. 0. 0. 0. 0. 0. 0. 0. 0. 0. 0. 0. 0. 0. 0. 0. 0. 0. 0. 0. 0. 0. 0.
 0. 0. 0. 0. 0. 0. 0. 0. 0. 0. 0. 0.]"
NGC4051,success,2911.1559898747955,415.8794271249708,[ 1.74  3.5   5.24  6.98  8.72 10.47 12.19],[121. 116. 140. 160. 161. 154. 153.],[14.8  7.8  7.   6.6  5.2  7.4  9.8],[0. 0. 0. 0. 0. 0. 0.],[0. 0. 0. 0. 0. 0. 0.]
NGC4085,success,3130.0713163155315,447.15304518793306,[0.87 1.74 2.71 3.58 4.45 5.32 6.2 ],[ 42.2  79.9 112.  127.  130.  133.  136. ],[7.3 5.9 6.2 4.9 4.9 4.5 7.4],[0. 0. 0. 0. 0. 0. 0.],[0. 0. 0. 0. 0. 0. 0.]
NGC4088,success,6855.543669790925,571.2953058159104,[ 1.74  3.5   5.24  6.98  8.72 10.47 12.19 13.94 15.68 17.42 19.28 21.48],[ 84.9 136.  162.  179.  182.  179.  174.  171.  168.  165.  171.  174. ],[11.3  9.9  8.   6.5  6.1  7.   6.2  7.2  6.1  5.6  8.6  7.6],[0. 0. 0. 0. 0. 0. 0. 0. 0. 0. 0. 0.],[0. 0. 0. 0. 0. 0. 0. 0. 0. 0. 0. 0.]
NGC4100,success,24977.348652621426,1040.7228605258927,"[ 2.61  3.5   4.37  5.24  6.11  6.98  7.85  8.72  9.6  10.47 11.35 12.19
 13.12 13.94 14.86 15.68 16.61 17.42 18.35 19.16 20.09 21.02 21.95 22.76]","[120. 148. 168. 182. 190. 194. 195. 193. 192. 192. 191. 189. 185. 182.
 179. 176. 174. 178. 177. 169. 158. 158. 158. 159.]","[10.5  7.5  6.2  6.1  5.2  5.7  6.1  4.8  3.9  3.5  4.4  4.8  5.3  4.5
  6.6  6.2  6.6  8.7  6.2  5.9  6.3  7.6  8.9  9. ]",[0. 0. 0. 0. 0. 0. 0. 0. 0. 0. 0. 0. 0. 0. 0. 0. 0. 0. 0. 0. 0. 0. 0. 0.],[0. 0. 0. 0. 0. 0. 0. 0. 0. 0. 0. 0. 0. 0. 0. 0. 0. 0. 0. 0. 0. 0. 0. 0.]
NGC4138,success,1721.3946885640278,245.91352693771825,[ 2.61  5.24  7.85 10.65 13.47 16.03 18.58],[179. 195. 181. 162. 145. 147. 150.],[14.7  6.8  9.8 20.4  9.6 17.9 21. ],[0. 0. 0. 0. 0. 0. 0.],[0. 0. 0. 0. 0. 0. 0.]
NGC4157,success,10037.461587946653,590.4389169380383,"[ 1.74  3.5   5.24  6.98  8.72 10.47 12.19 13.94 15.68 17.42 19.16 20.9
 22.65 24.39 26.13 27.87 29.61]","[ 96.4 157.  192.  201.  201.  194.  190.  186.  184.  182.  181.  183.
 185.  186.  186.  184.  185. ]","[12.1 10.5  8.4  6.9  7.3  6.4  6.   6.4  6.4  7.3  6.6  6.5  6.5  9.1
 11.4 13.6 13.6]",[0. 0. 0. 0. 0. 0. 0. 0. 0. 0. 0. 0. 0. 0. 0. 0. 0.],[0. 0. 0. 0. 0. 0. 0. 0. 0. 0. 0. 0. 0. 0. 0. 0. 0.]
NGC4183,success,8114.631922979873,352.81008360782056,"[ 0.87  1.74  2.61  3.5   4.37  5.24  6.11  6.98  7.85  8.72  9.6  10.47
 11.35 12.31 13.12 14.05 14.98 16.03 16.95 17.88 18.93 19.97 21.02]","[ 47.1  65.9  76.1  85.7  96.6  99.3 103.  107.  111.  114.  115.  111.
 110.  111.  109.  108.  109.  111.  110.  109.  110.  112.  113. ]","[ 8.2  6.6  5.6  5.6  5.2  5.2  5.2  5.2  5.2  6.1  6.1  5.6  5.6  5.2
  4.8  4.4  5.2  5.3  4.9  4.9  5.3 10.2 11.5]",[0. 0. 0. 0. 0. 0. 0. 0. 0. 0. 0. 0. 0. 0. 0. 0. 0. 0. 0. 0. 0. 0. 0.],[0. 0. 0. 0. 0. 0. 0. 0. 0. 0. 0. 0. 0. 0. 0. 0. 0. 0. 0. 0. 0. 0. 0.]
NGC4214,success,2194.0972939611775,156.72123528294125,[0.21 0.63 1.04 1.46 1.88 2.3  2.71 3.14 3.55 3.96 4.38 4.8  5.22 5.63],[55.5 63.2 66.6 70.5 76.1 78.8 80.1 80.1 80.1 80.4 80.1 80.4 80.6 80.6],[7.21 5.22 7.97 4.62 4.69 4.52 6.65 6.28 5.09 5.4  7.58 8.9  9.37 9.37],[0. 0. 0. 0. 0. 0. 0. 0. 0. 0. 0. 0. 0. 0.],[0. 0. 0. 0. 0. 0. 0. 0. 0. 0. 0. 0. 0. 0.]
NGC4217,success,12597.476812762929,663.0250954085752,"[ 0.87  1.74  2.61  3.5   4.37  5.24  6.11  6.98  7.85  8.72  9.6  10.47
 11.35 12.19 13.12 13.94 14.86 15.79 16.72]","[ 47.8  98.9 146.  164.  174.  175.  184.  185.  188.  190.  191.  191.
 189.  186.  183.  179.  177.  177.  178. ]","[ 8.2   8.2   7.7   6.4   5.95  6.    6.4   6.4   6.65  7.35  6.4   5.55
  5.95  6.85  6.4   6.85  7.25  8.55 12.  ]",[0. 0. 0. 0. 0. 0. 0. 0. 0. 0. 0. 0. 0. 0. 0. 0. 0. 0. 0.],[0. 0. 0. 0. 0. 0. 0. 0. 0. 0. 0. 0. 0. 0. 0. 0. 0. 0. 0.]
NGC4559,success,18800.683527680016,587.5213602400005,"[ 0.67  1.32  1.97  2.62  3.28  3.93  4.58  5.22  5.9   6.54  7.19  7.87
  8.51  9.16  9.84 10.48 11.13 11.78 12.43 13.08 13.73 14.38 15.03 15.68
 16.33 16.98 17.72 18.28 19.02 19.67 20.32 20.97]","[ 43.8  64.2  73.3  84.2  96.2 102.  104.  106.  106.  108.  111.  114.
 116.  117.  118.  120.  121.  122.  122.  122.  123.  124.  124.  123.
 123.  123.  121.  122.  122.  121.  120.  119. ]","[10.9   7.71  8.62  8.4   5.67  4.79  5.67  5.37  5.24  5.22  4.68  4.61
  4.47  5.22  5.22  4.5   3.62  3.17  2.74  3.18  3.56  4.31  4.76  5.23
  5.66  5.62  5.67  6.32  6.35  5.86  5.94  6.13]","[0. 0. 0. 0. 0. 0. 0. 0. 0. 0. 0. 0. 0. 0. 0. 0. 0. 0. 0. 0. 0. 0. 0. 0.
 0. 0. 0. 0. 0. 0. 0. 0.]","[0. 0. 0. 0. 0. 0. 0. 0. 0. 0. 0. 0. 0. 0. 0. 0. 0. 0. 0. 0. 0. 0. 0. 0.
 0. 0. 0. 0. 0. 0. 0. 0.]"
NGC5005,success,3704.4242604400238,205.80134780222355,"[ 0.49  0.98  1.47  1.97  2.46  2.95  3.44  3.93  4.42  4.92  5.74  6.56
  7.37  8.19  9.01  9.83 10.65 11.47]","[211. 233. 227. 234. 245. 244. 261. 259. 258. 258. 261. 263. 264. 265.
 265. 264. 264. 265.]","[40.1  17.4  14.4  10.8   7.67 23.3  23.3  22.7  22.7  22.5  22.4  22.4
 22.3  22.2  22.2  22.   21.9  22.  ]",[0. 0. 0. 0. 0. 0. 0. 0. 0. 0. 0. 0. 0. 0. 0. 0. 0. 0.],[0. 0. 0. 0. 0. 0. 0. 0. 0. 0. 0. 0. 0. 0. 0. 0. 0. 0.]
NGC5033,success,117511.86041666666,5341.448200757575,"[ 0.76  2.28  3.8   5.33  6.85  8.   10.28 12.56 14.91 17.15 19.39 21.64
 24.01 26.25 28.5  30.87 33.12 35.36 37.73 39.98 42.22 44.59]","[206. 214. 222. 224. 225. 222. 220. 218. 219. 217. 218. 220. 222. 218.
 217. 207. 199. 191. 193. 192. 194. 196.]","[16. 10.  8.  8.  8.  6.  3.  2.  2.  2.  2.  2.  2.  3.  3.  3.  3.  3.
  3.  3.  4.  5.]",[0. 0. 0. 0. 0. 0. 0. 0. 0. 0. 0. 0. 0. 0. 0. 0. 0. 0. 0. 0. 0. 0.],[0. 0. 0. 0. 0. 0. 0. 0. 0. 0. 0. 0. 0. 0. 0. 0. 0. 0. 0. 0. 0. 0.]
NGC5055,success,1069683.5405222364,38202.98359007987,"[ 0.72  1.43  2.16  2.87  3.59  4.3   5.03  5.75  6.46  7.18  7.91  8.62
 11.49 14.3  17.19 20.07 22.96 25.85 28.74 31.62 34.51 37.4  40.29 43.17
 45.92 48.81 51.7  54.59]","[125. 162. 178. 193. 192. 190. 195. 201. 204. 204. 206. 206. 206. 206.
 203. 200. 194. 188. 184. 182. 180. 181. 180. 179. 179. 179. 174. 172.]","[17.6   8.5   5.22  1.88  3.59  0.97  0.99  0.45  0.81  0.65  0.66  1.54
  1.9   0.42  4.19  1.23  4.09  5.2   1.16  2.47  3.85  8.43  4.55  0.44
  1.96  2.99  3.39  4.84]","[0. 0. 0. 0. 0. 0. 0. 0. 0. 0. 0. 0. 0. 0. 0. 0. 0. 0. 0. 0. 0. 0. 0. 0.
 0. 0. 0. 0.]","[0. 0. 0. 0. 0. 0. 0. 0. 0. 0. 0. 0. 0. 0. 0. 0. 0. 0. 0. 0. 0. 0. 0. 0.
 0. 0. 0. 0.]"
NGC5371,success,77004.17040249433,4052.851073815491,"[ 1.45  2.88  4.33  5.78  7.22  8.66 11.55 14.48 17.28 20.2  23.12 26.04
 28.84 31.76 34.68 37.48 40.4  43.32 46.24]","[216. 215. 215. 214. 215. 221. 233. 237. 242. 241. 240. 234. 226. 213.
 207. 208. 209. 207. 213.]","[10.  7.  5.  4.  4.  3.  3.  3.  3.  3.  3.  3.  3.  3.  3.  4.  4.  4.
  6.]",[0. 0. 0. 0. 0. 0. 0. 0. 0. 0. 0. 0. 0. 0. 0. 0. 0. 0. 0.],[0. 0. 0. 0. 0. 0. 0. 0. 0. 0. 0. 0. 0. 0. 0. 0. 0. 0. 0.]
NGC5585,success,33874.69052361476,1411.4454384839482,"[ 0.09  0.26  0.43  0.6   0.77  0.94  1.11  1.28  1.46  1.63  2.05  2.74
  3.42  4.11  4.79  5.48  6.16  6.85  7.53  8.21  8.9   9.57 10.31 10.96]","[11.2 26.5 33.7 32.7 33.7 35.7 37.8 41.8 43.9 44.9 53.2 64.3 73.1 76.2
 78.4 83.1 88.  89.9 90.6 91.6 92.3 90.9 89.6 89.4]","[2.02 1.03 1.03 1.12 1.03 2.24 3.35 3.35 2.14 1.25 1.6  0.9  2.4  4.4
 3.8  3.1  3.   2.4  2.8  2.6  1.4  1.   2.7  2.7 ]",[0. 0. 0. 0. 0. 0. 0. 0. 0. 0. 0. 0. 0. 0. 0. 0. 0. 0. 0. 0. 0. 0. 0. 0.],[0. 0. 0. 0. 0. 0. 0. 0. 0. 0. 0. 0. 0. 0. 0. 0. 0. 0. 0. 0. 0. 0. 0. 0.]
NGC5907,success,136318.6049319728,7174.663417472253,"[ 5.03  7.55 10.07 12.58 15.1  17.61 20.13 22.65 25.16 27.68 30.2  32.71
 35.23 37.75 40.26 42.78 45.29 47.81 50.33]","[214. 220. 235. 235. 230. 231. 232. 225. 224. 229. 218. 214. 213. 211.
 217. 216. 215. 217. 214.]",[6. 6. 4. 4. 2. 2. 2. 7. 7. 2. 2. 2. 2. 2. 2. 3. 3. 5. 5.],[0. 0. 0. 0. 0. 0. 0. 0. 0. 0. 0. 0. 0. 0. 0. 0. 0. 0. 0.],[0. 0. 0. 0. 0. 0. 0. 0. 0. 0. 0. 0. 0. 0. 0. 0. 0. 0. 0.]
NGC5985,success,110946.75127256026,3362.022765835159,"[ 3.54  4.23  4.97  5.74  6.47  7.22  8.02  8.79  9.5  10.27 11.08 11.82
 12.56 13.39 14.1  14.93 15.64 16.35 17.18 17.89 18.72 19.44 20.26 20.98
 21.69 22.52 23.23 24.06 24.77 25.95 28.92 31.76 34.72]","[223. 230. 248. 258. 263. 272. 287. 289. 292. 302. 302. 304. 303. 305.
 300. 295. 294. 290. 291. 286. 287. 294. 290. 288. 290. 294. 297. 293.
 291. 297. 292. 288. 285.]","[ 8.    6.13  5.1   6.6   7.    6.25  4.01  7.25  6.93 10.4  10.3  10.4
 10.4  10.1   8.78  9.72  5.32  5.32  4.03  3.25  3.61  3.35  3.75  3.04
  6.4   4.19  4.12  5.15  6.21  4.    4.    4.    4.  ]","[0. 0. 0. 0. 0. 0. 0. 0. 0. 0. 0. 0. 0. 0. 0. 0. 0. 0. 0. 0. 0. 0. 0. 0.
 0. 0. 0. 0. 0. 0. 0. 0. 0.]","[0. 0. 0. 0. 0. 0. 0. 0. 0. 0. 0. 0. 0. 0. 0. 0. 0. 0. 0. 0. 0. 0. 0. 0.
 0. 0. 0. 0. 0. 0. 0. 0. 0.]"
NGC6015,success,137307.59309426692,3120.6271157787937,"[ 0.34  0.67  1.    1.32  1.65  1.98  2.31  2.63  2.96  3.28  3.61  3.94
  4.27  4.6   4.94  5.3   5.63  5.96  6.27  8.24 10.3  11.13 11.95 12.72
 13.58 14.43 15.29 16.02 16.88 17.73 18.59 19.32 20.18 21.04 21.89 22.63
 23.48 24.34 25.19 25.93 26.78 27.64 28.37 29.23]","[ 35.5  62.4  90.7 104.  105.  108.  116.  130.  141.  146.  150.  152.
 155.  152.  150.  147.  145.  152.  149.  149.  146.  149.  152.  153.
 156.  158.  158.  159.  161.  163.  162.  164.  165.  166.  163.  159.
 155.  154.  149.  153.  156.  151.  158.  152. ]","[2.1 4.2 3.8 2.  2.4 2.  2.3 3.3 2.2 1.6 1.4 1.1 1.3 1.8 2.4 5.5 3.8 4.1
 1.4 4.  4.  3.2 2.8 2.4 2.2 2.8 3.1 3.8 3.6 4.  4.8 5.7 7.  6.3 7.  8.5
 9.1 8.  5.4 3.1 3.  9.4 7.7 3.4]","[0. 0. 0. 0. 0. 0. 0. 0. 0. 0. 0. 0. 0. 0. 0. 0. 0. 0. 0. 0. 0. 0. 0. 0.
 0. 0. 0. 0. 0. 0. 0. 0. 0. 0. 0. 0. 0. 0. 0. 0. 0. 0. 0. 0.]","[0. 0. 0. 0. 0. 0. 0. 0. 0. 0. 0. 0. 0. 0. 0. 0. 0. 0. 0. 0. 0. 0. 0. 0.
 0. 0. 0. 0. 0. 0. 0. 0. 0. 0. 0. 0. 0. 0. 0. 0. 0. 0. 0. 0.]"
NGC6195,success,42343.609909481165,1841.026517803529,"[ 1.33  2.34  3.33  4.34  5.35  6.34  7.34  8.32  9.34 10.38 11.36 12.34
 13.32 14.3  15.47 16.35 17.92 19.1  22.52 26.05 29.48 33.   36.43]","[175. 237. 247. 242. 240. 233. 233. 247. 248. 242. 252. 245. 247. 238.
 249. 250. 253. 258. 254. 256. 255. 244. 246.]","[13.6   3.65  3.81  3.56  4.2   4.59  4.63  6.41  7.64  9.05 12.5   8.72
  4.44  9.29  9.98  6.15  6.96 15.4   6.51  7.73  8.5   5.75  4.24]",[0. 0. 0. 0. 0. 0. 0. 0. 0. 0. 0. 0. 0. 0. 0. 0. 0. 0. 0. 0. 0. 0. 0.],[0. 0. 0. 0. 0. 0. 0. 0. 0. 0. 0. 0. 0. 0. 0. 0. 0. 0. 0. 0. 0. 0. 0.]
NGC6503,success,202081.98444444445,6518.7736917562725,"[ 0.76  1.52  2.28  3.04  3.79  4.55  5.31  6.07  6.83  7.59  8.35  9.11
  9.86 10.64 11.38 12.12 12.86 13.7  14.44 15.18 15.91 16.65 17.49 18.23
 18.97 19.71 20.45 21.29 22.03 22.76 23.5 ]","[ 77. 100. 110. 118. 121. 121. 117. 116. 116. 116. 115. 115. 116. 117.
 117. 118. 117. 116. 115. 117. 116. 115. 115. 115. 114. 115. 114. 116.
 115. 118. 115.]","[10.  5.  2.  2.  2.  2.  2.  2.  2.  2.  1.  1.  1.  1.  1.  1.  1.  1.
  1.  1.  1.  2.  2.  2.  2.  2.  2.  2.  3.  4. 10.]","[0. 0. 0. 0. 0. 0. 0. 0. 0. 0. 0. 0. 0. 0. 0. 0. 0. 0. 0. 0. 0. 0. 0. 0.
 0. 0. 0. 0. 0. 0. 0.]","[0. 0. 0. 0. 0. 0. 0. 0. 0. 0. 0. 0. 0. 0. 0. 0. 0. 0. 0. 0. 0. 0. 0. 0.
 0. 0. 0. 0. 0. 0. 0.]"
NGC6674,success,134497.71847624716,8966.514565083144,"[ 2.5   7.49 12.54 17.45 22.47 27.48 32.5  37.51 42.42 47.44 52.45 57.47
 62.48 67.4  72.41]","[206. 285. 291. 274. 266. 255. 250. 242. 237. 235. 236. 242. 246. 242.
 242.]",[75.  8.  7.  5.  4.  2.  2.  2.  2.  2.  2.  2.  2.  4.  5.],[0. 0. 0. 0. 0. 0. 0. 0. 0. 0. 0. 0. 0. 0. 0.],[0. 0. 0. 0. 0. 0. 0. 0. 0. 0. 0. 0. 0. 0. 0.]
NGC6946,success,232726.78413709195,4012.530760984344,"[ 0.19  0.56  0.94  1.22  1.59  1.96  2.34  2.71  2.99  3.37  3.74  4.12
  4.4   4.77  5.15  5.52  5.89  6.17  6.55  6.92  7.3   7.58  7.95  8.33
  8.7   9.08  9.36  9.73 10.1  10.48 10.76 11.13 11.51 11.88 12.26 12.54
 12.91 13.29 13.66 14.03 14.31 14.69 15.06 15.44 15.72 16.09 16.47 16.84
 17.21 17.5  17.87 18.24 18.62 18.9  19.27 19.65 20.02 20.4 ]","[153. 130. 128. 134. 129. 131. 138. 139. 143. 146. 154. 161. 167. 173.
 176. 178. 180. 179. 180. 181. 179. 179. 179. 178. 177. 176. 173. 172.
 172. 170. 171. 174. 174. 175. 174. 173. 173. 173. 175. 174. 171. 167.
 165. 163. 162. 161. 159. 158. 157. 157. 157. 160. 159. 160. 158. 155.
 157. 154.]","[ 8.  9.  3.  3.  4.  7.  8.  5.  3.  2.  2.  1.  2.  2.  4.  5.  3.  4.
  5.  4.  4.  2.  1.  1.  2.  2.  3.  2.  2.  2.  2.  2.  2.  2.  2.  6.
  6.  8.  9.  9.  9.  8.  7.  8.  8.  9. 10. 10. 10. 10.  9. 11. 12. 14.
 16. 18. 19. 21.]","[0. 0. 0. 0. 0. 0. 0. 0. 0. 0. 0. 0. 0. 0. 0. 0. 0. 0. 0. 0. 0. 0. 0. 0.
 0. 0. 0. 0. 0. 0. 0. 0. 0. 0. 0. 0. 0. 0. 0. 0. 0. 0. 0. 0. 0. 0. 0. 0.
 0. 0. 0. 0. 0. 0. 0. 0. 0. 0.]","[0. 0. 0. 0. 0. 0. 0. 0. 0. 0. 0. 0. 0. 0. 0. 0. 0. 0. 0. 0. 0. 0. 0. 0.
 0. 0. 0. 0. 0. 0. 0. 0. 0. 0. 0. 0. 0. 0. 0. 0. 0. 0. 0. 0. 0. 0. 0. 0.
 0. 0. 0. 0. 0. 0. 0. 0. 0. 0.]"
NGC7331,success,133237.8445221109,3701.051236725303,"[ 2.67  3.21  3.74  4.27  4.81  5.35  5.88  6.41  7.48  8.55  9.62 10.66
 11.74 12.83 13.91 15.   16.08 17.07 18.15 19.24 20.32 21.41 22.49 23.48
 24.57 25.65 26.74 27.82 28.91 29.89 30.98 32.06 33.15 34.23 35.32 36.31]","[221. 237. 249. 250. 253. 257. 257. 257. 257. 255. 248. 247. 246. 244.
 242. 238. 236. 233. 234. 236. 237. 238. 240. 238. 237. 236. 238. 239.
 239. 241. 236. 236. 239. 237. 241. 238.]","[20. 13.  8.  5.  5.  5.  5.  5.  5.  5.  6.  6.  6.  6.  4.  3.  3.  3.
  3.  3.  3.  3.  3.  3.  3.  3.  3.  3.  3.  4.  4.  5.  5.  5.  7.  9.]","[0. 0. 0. 0. 0. 0. 0. 0. 0. 0. 0. 0. 0. 0. 0. 0. 0. 0. 0. 0. 0. 0. 0. 0.
 0. 0. 0. 0. 0. 0. 0. 0. 0. 0. 0. 0.]","[0. 0. 0. 0. 0. 0. 0. 0. 0. 0. 0. 0. 0. 0. 0. 0. 0. 0. 0. 0. 0. 0. 0. 0.
 0. 0. 0. 0. 0. 0. 0. 0. 0. 0. 0. 0.]"
NGC7814,success,53322.9140061665,2962.3841114536945,"[ 0.63  1.72  2.79  3.91  5.03  6.14  7.26  8.37  9.5  10.65 11.74 12.82
 14.01 15.09 16.18 17.36 18.44 19.53]","[265. 250. 233. 230. 228. 228. 227. 226. 223. 219. 216. 214. 214. 214.
 214. 214. 214. 214.]","[15.   15.    7.29  6.45  5.37  5.16  5.94  3.    3.92  2.9   2.55  2.55
  3.07  3.61  4.46  5.07  4.78  4.87]",[0. 0. 0. 0. 0. 0. 0. 0. 0. 0. 0. 0. 0. 0. 0. 0. 0. 0.],[0. 0. 0. 0. 0. 0. 0. 0. 0. 0. 0. 0. 0. 0. 0. 0. 0. 0.]
PGC51017,success,549.4042842090844,91.56738070151407,[0.33 0.99 1.65 2.31 2.97 3.63],[20.5 19.9 19.3 18.8 18.2 18.3],[4.17 1.82 1.69 1.9  1.74 2.22],[0. 0. 0. 0. 0. 0.],[0. 0. 0. 0. 0. 0.]
UGC00128,success,373574.2858233566,16980.64935560712,"[ 1.25  3.75  6.25  8.76 11.25 13.74 16.22 18.71 21.3  23.79 26.28 28.77
 31.25 33.74 36.23 38.82 41.31 43.8  46.28 48.77 51.26 53.75]","[ 34.1  78.4  96.9 108.  113.  114.  121.  126.  128.  129.  129.  131.
 131.  131.  127.  126.  130.  132.  134.  129.  132.  125. ]","[18.8   6.54  2.44  1.26  1.    0.86  0.68  0.55  0.63  0.61  0.65  0.73
  0.83  0.75  1.24  1.4   1.62  2.01  2.1   2.66  4.67  5.95]",[0. 0. 0. 0. 0. 0. 0. 0. 0. 0. 0. 0. 0. 0. 0. 0. 0. 0. 0. 0. 0. 0.],[0. 0. 0. 0. 0. 0. 0. 0. 0. 0. 0. 0. 0. 0. 0. 0. 0. 0. 0. 0. 0. 0.]
UGC00731,success,6238.832508599973,519.9027090499977,[ 0.91  1.81  2.73  3.64  4.55  5.45  6.36  7.28  8.19  9.09 10.   10.91],[29.6 44.6 50.4 56.8 60.7 64.7 68.  71.5 73.4 74.  73.8 73.9],[2.38 2.4  2.86 3.43 2.98 2.46 2.38 2.52 2.68 2.83 3.22 3.42],[0. 0. 0. 0. 0. 0. 0. 0. 0. 0. 0. 0.],[0. 0. 0. 0. 0. 0. 0. 0. 0. 0. 0. 0.]
UGC01230,success,806.5366512156336,73.32151374687578,[ 0.78  2.35  3.91  5.48  7.03  8.6  13.27 14.85 25.8  32.01 36.54],[ 19.8  55.4  88.5 105.  106.  103.  109.  113.  105.  103.  103. ],[10.7 10.7 10.7 10.7 10.7 10.7 15.8 14.7 10.4 10.  10. ],[0. 0. 0. 0. 0. 0. 0. 0. 0. 0. 0.],[0. 0. 0. 0. 0. 0. 0. 0. 0. 0. 0.]
UGC01281,success,1844.8609003410934,73.79443601364373,"[0.08 0.23 0.38 0.54 0.69 0.84 1.   1.15 1.3  1.46 1.61 1.76 1.92 2.07
 2.22 2.38 2.53 2.68 2.76 3.07 3.46 3.83 4.23 4.62 4.99]","[ 1.41  4.46  7.71 11.   14.2  17.2  20.2  23.2  26.4  29.3  31.6  34.6
 37.4  39.9  42.2  44.4  46.7  48.5  49.3  53.   54.1  55.   55.7  56.4
 56.9 ]","[4.   4.   4.   4.   4.   5.78 4.74 4.   7.13 4.38 4.94 4.   7.09 4.
 4.37 4.58 5.91 7.72 9.73 4.   4.   4.   4.   4.   4.  ]","[0. 0. 0. 0. 0. 0. 0. 0. 0. 0. 0. 0. 0. 0. 0. 0. 0. 0. 0. 0. 0. 0. 0. 0.
 0.]","[0. 0. 0. 0. 0. 0. 0. 0. 0. 0. 0. 0. 0. 0. 0. 0. 0. 0. 0. 0. 0. 0. 0. 0.
 0.]"
UGC02259,success,15550.06336063852,1943.757920079815,[1.02 2.04 3.05 4.07 5.09 6.11 7.13 8.14],[56.1 71.1 80.7 82.8 83.7 86.  88.3 90. ],[3.4 3.  1.5 1.5 1.5 1.5 2.3 3. ],[0. 0. 0. 0. 0. 0. 0. 0.],[0. 0. 0. 0. 0. 0. 0. 0.]
UGC02487,success,181105.39948775587,10653.258793397405,"[ 9.93 10.05 10.35 15.07 20.09 25.12 30.14 35.17 40.19 45.21 50.24 55.26
 60.28 65.31 70.33 75.35 80.38]","[377. 377. 378. 367. 364. 375. 383. 378. 364. 349. 338. 332. 330. 329.
 330. 332. 333.]","[10.3  19.7  10.8  10.7   6.67  6.19  3.82  2.21  4.    3.    3.08  2.19
  1.61  2.2   3.53 13.4  15.3 ]",[0. 0. 0. 0. 0. 0. 0. 0. 0. 0. 0. 0. 0. 0. 0. 0. 0.],[0. 0. 0. 0. 0. 0. 0. 0. 0. 0. 0. 0. 0. 0. 0. 0. 0.]
UGC02885,success,15557.750000000004,818.8289473684213,"[ 1.7   3.41  6.82 13.67 19.49 23.36 27.24 31.22 35.1  38.97 42.85 46.73
 50.71 54.58 58.46 62.34 66.21 70.19 74.07]","[305. 257. 256. 271. 282. 287. 283. 280. 280. 281. 282. 287. 292. 298.
 298. 298. 298. 298. 298.]","[10. 10. 10. 10. 10. 10. 10. 10. 10. 10. 10. 10. 10. 10. 10. 10. 10. 10.
 10.]",[0. 0. 0. 0. 0. 0. 0. 0. 0. 0. 0. 0. 0. 0. 0. 0. 0. 0. 0.],[0. 0. 0. 0. 0. 0. 0. 0. 0. 0. 0. 0. 0. 0. 0. 0. 0. 0. 0.]
UGC02916,success,281836.73276877566,6554.342622529666,"[ 0.37  0.74  1.11  1.48  1.84  2.21  2.6   2.96  3.17  3.33  3.7   4.07
  4.44  4.81  5.18  5.55  5.92  6.28  6.34  6.65  7.03  7.39  7.77  8.14
  8.51  8.88  9.25  9.52  9.62  9.99 10.4  10.71 11.12 12.67 12.98 15.86
 19.05 22.14 25.34 28.53 31.72 34.91 38.  ]","[183. 196. 205. 211. 214. 214. 213. 211. 210. 209. 207. 206. 205. 205.
 206. 207. 208. 210. 210. 212. 214. 215. 216. 217. 218. 218. 218. 218.
 218. 217. 217. 216. 215. 212. 211. 209. 215. 215. 210. 196. 185. 182.
 181.]","[47.6  40.7  14.1   7.89  1.48  1.5   2.64  4.5   8.68  3.    1.6   1.73
  3.45  2.77  7.48  5.02  7.7   1.95  4.78  1.96  0.76  2.22  1.76  1.53
  7.7   6.86  8.37  3.93  4.05 20.2   4.2   3.16  6.72  1.82 16.6   8.38
 13.2  13.9  10.6  12.8  11.5  10.8  10.3 ]","[0. 0. 0. 0. 0. 0. 0. 0. 0. 0. 0. 0. 0. 0. 0. 0. 0. 0. 0. 0. 0. 0. 0. 0.
 0. 0. 0. 0. 0. 0. 0. 0. 0. 0. 0. 0. 0. 0. 0. 0. 0. 0. 0.]","[0. 0. 0. 0. 0. 0. 0. 0. 0. 0. 0. 0. 0. 0. 0. 0. 0. 0. 0. 0. 0. 0. 0. 0.
 0. 0. 0. 0. 0. 0. 0. 0. 0. 0. 0. 0. 0. 0. 0. 0. 0. 0. 0.]"
UGC02953,success,2264623.141102191,19692.375140019052,"[ 0.09  0.17  0.26  0.34  0.43  0.51  0.6   0.69  0.77  0.86  0.95  1.03
  1.11  1.2   1.29  1.38  1.46  1.55  1.63  1.72  1.8   1.89  1.98  2.07
  2.15  2.23  2.32  2.4   2.49  2.58  2.67  2.75  2.83  2.92  3.    3.09
  3.18  3.27  3.35  3.43  4.21  4.29  4.38  4.47  4.8   5.25  5.32  5.41
  5.5   5.58  5.67  5.76  6.    6.18  6.27  6.36  6.45  6.53  6.61  6.7
  6.79  6.87  6.96  7.05  7.2   7.39  7.47  7.99  8.08  8.16  8.25  8.34
  8.4   9.59 10.8  12.02 13.22 14.42 15.63 16.83 18.03 19.23 20.43 21.64
 22.84 24.04 25.24 26.44 27.65 28.85 30.05 31.25 32.34 33.55 34.75 35.95
 37.15 38.35 39.56 40.76 41.96 43.16 44.36 45.57 46.77 47.97 49.17 50.37
 51.58 52.78 53.98 55.18 57.59 59.99 62.39]","[231. 231. 231. 231. 232. 232. 232. 232. 233. 233. 234. 235. 235. 236.
 237. 238. 238. 239. 240. 241. 242. 243. 244. 246. 247. 248. 249. 251.
 252. 253. 254. 256. 257. 259. 260. 262. 263. 264. 266. 267. 280. 282.
 283. 285. 290. 296. 298. 299. 300. 301. 302. 303. 306. 307. 308. 309.
 310. 310. 311. 312. 312. 313. 313. 314. 315. 316. 316. 318. 318. 318.
 319. 319. 319. 319. 317. 312. 308. 303. 298. 296. 294. 294. 294. 292.
 290. 287. 283. 279. 276. 273. 271. 270. 268. 267. 266. 265. 264. 264.
 264. 264. 264. 264. 262. 260. 258. 257. 258. 260. 263. 265. 266. 266.
 262. 263. 272.]","[52.9  27.9  16.4  11.9   8.04  6.53  4.75  4.    5.69  4.83 10.8  10.3
 10.6  10.2  10.6  14.2  14.1  19.6  17.8   7.14 11.9  10.9  17.6  11.4
 12.9  15.4  17.6  24.   10.1  12.    6.34  6.22  5.6   8.73  5.19 11.
 16.   13.1  11.8  12.7   5.52  2.35  5.1   4.61 10.8   2.85  1.92  4.29
  4.92  2.24  4.59  5.07  7.89  4.41  3.2   6.66  5.83  3.83  2.41  1.25
  3.61 13.8   4.58  3.05  1.38  0.75  8.57  1.36 16.    5.5   2.94  1.74
  2.2   3.23  4.08  2.62  0.76  1.86  1.34  1.41  1.15  0.59  0.5   1.21
  1.21  0.81  1.08  1.87  1.55  1.9   1.12  1.41  1.76  1.81  2.18  3.01
  2.04  1.58  3.23  2.94  1.62  2.15  4.45  7.43  7.22  5.37  5.43  6.47
  5.75  5.54  4.43  4.71  5.28  4.7   5.04]","[0. 0. 0. 0. 0. 0. 0. 0. 0. 0. 0. 0. 0. 0. 0. 0. 0. 0. 0. 0. 0. 0. 0. 0.
 0. 0. 0. 0. 0. 0. 0. 0. 0. 0. 0. 0. 0. 0. 0. 0. 0. 0. 0. 0. 0. 0. 0. 0.
 0. 0. 0. 0. 0. 0. 0. 0. 0. 0. 0. 0. 0. 0. 0. 0. 0. 0. 0. 0. 0. 0. 0. 0.
 0. 0. 0. 0. 0. 0. 0. 0. 0. 0. 0. 0. 0. 0. 0. 0. 0. 0. 0. 0. 0. 0. 0. 0.
 0. 0. 0. 0. 0. 0. 0. 0. 0. 0. 0. 0. 0. 0. 0. 0. 0. 0. 0.]","[0. 0. 0. 0. 0. 0. 0. 0. 0. 0. 0. 0. 0. 0. 0. 0. 0. 0. 0. 0. 0. 0. 0. 0.
 0. 0. 0. 0. 0. 0. 0. 0. 0. 0. 0. 0. 0. 0. 0. 0. 0. 0. 0. 0. 0. 0. 0. 0.
 0. 0. 0. 0. 0. 0. 0. 0. 0. 0. 0. 0. 0. 0. 0. 0. 0. 0. 0. 0. 0. 0. 0. 0.
 0. 0. 0. 0. 0. 0. 0. 0. 0. 0. 0. 0. 0. 0. 0. 0. 0. 0. 0. 0. 0. 0. 0. 0.
 0. 0. 0. 0. 0. 0. 0. 0. 0. 0. 0. 0. 0. 0. 0. 0. 0. 0. 0.]"
UGC03205,success,167750.42398990924,3494.8004997897756,"[ 0.28  0.55  0.83  1.39  1.65  3.04  3.32  3.59  3.87  4.15  4.43  4.7
  4.97  5.25  5.52  5.8   6.08  6.36  6.63  6.91  7.19  7.27  7.46  8.02
  8.29  8.56  8.84  9.12  9.69 12.11 14.58 14.68 15.2  15.5  15.71 16.02
 16.32 16.53 16.84 16.94 19.4  21.77 24.23 26.69 29.06 31.52 36.34 40.04]","[107. 121. 134. 157. 168. 207. 213. 218. 222. 226. 229. 232. 234. 235.
 236. 237. 237. 237. 236. 236. 235. 234. 234. 231. 229. 228. 226. 224.
 221. 216. 220. 220. 221. 221. 221. 221. 221. 221. 221. 221. 218. 216.
 215. 212. 208. 209. 220. 220.]","[30.2  15.6   8.69 12.5  11.7   8.04  6.53 11.2   6.05  5.41  5.96  7.41
  6.1   3.89  9.03 10.    7.36 10.2  10.4   5.83  5.43  8.36  7.88  8.17
  5.82  7.21 18.2   9.11  5.56  3.21  1.89  7.66  9.52 13.6   8.15  4.11
  5.37  5.06 11.4   2.56  1.7   1.13  1.77  2.47  1.44  2.88  4.09  6.32]","[0. 0. 0. 0. 0. 0. 0. 0. 0. 0. 0. 0. 0. 0. 0. 0. 0. 0. 0. 0. 0. 0. 0. 0.
 0. 0. 0. 0. 0. 0. 0. 0. 0. 0. 0. 0. 0. 0. 0. 0. 0. 0. 0. 0. 0. 0. 0. 0.]","[0. 0. 0. 0. 0. 0. 0. 0. 0. 0. 0. 0. 0. 0. 0. 0. 0. 0. 0. 0. 0. 0. 0. 0.
 0. 0. 0. 0. 0. 0. 0. 0. 0. 0. 0. 0. 0. 0. 0. 0. 0. 0. 0. 0. 0. 0. 0. 0.]"
UGC03546,success,344286.6399719405,11476.221332398016,"[ 0.63  0.79  0.95  1.11  1.27  1.43  1.59  1.9   2.06  2.22  2.38  2.79
  2.86  3.02  4.17  5.56  6.96  8.35  9.73 11.14 12.51 13.88 15.35 16.72
 18.08 19.45 20.92 22.92 25.02 29.23]","[262. 250. 241. 234. 228. 225. 222. 221. 221. 222. 222. 221. 221. 220.
 205. 190. 190. 198. 204. 204. 201. 203. 202. 198. 195. 194. 192. 190.
 191. 193.]","[73.6  55.5  42.9  31.9  28.8  24.2  12.2   6.34 12.2  16.9  26.   13.1
 11.8  22.9   8.45 13.3   8.87  3.19  2.56  1.09  0.57  0.75  0.89  1.58
  1.5   2.16  6.21  3.14 14.6  18.6 ]","[0. 0. 0. 0. 0. 0. 0. 0. 0. 0. 0. 0. 0. 0. 0. 0. 0. 0. 0. 0. 0. 0. 0. 0.
 0. 0. 0. 0. 0. 0.]","[0. 0. 0. 0. 0. 0. 0. 0. 0. 0. 0. 0. 0. 0. 0. 0. 0. 0. 0. 0. 0. 0. 0. 0.
 0. 0. 0. 0. 0. 0.]"
UGC03580,success,115367.14449311927,2454.620095598282,"[ 0.11  0.23  0.34  0.46  0.57  0.69  0.8   0.92  1.03  1.14  1.26  1.37
  1.49  1.61  1.71  1.83  1.94  2.06  2.18  2.29  2.4   2.52  2.63  2.75
  2.86  2.98  3.09  3.2   4.52  4.69  6.03  7.53  8.58  8.7   8.82  9.03
  9.05 10.53 12.07 13.58 15.09 16.6  18.11 19.62 21.02 24.04 27.06]","[ 56.2  64.6  70.2  71.6  71.   69.   67.7  66.9  66.6  66.8  67.4  68.3
  69.6  71.2  72.9  74.9  77.   79.2  81.4  83.6  85.7  87.8  89.7  91.4
  92.8  94.1  95.2  96.1  97.4  96.9  96.8 105.  110.  110.  110.  111.
 111.  112.  112.  114.  118.  122.  125.  128.  131.  127.  124. ]","[28.5  22.7  17.2  11.7  11.3   9.37  6.23  4.    3.1   3.02  3.09  2.71
  2.75  2.61  4.09  6.17  7.74  5.36  6.34  2.03  1.94  1.7   2.16  1.88
  3.36  1.4   5.51  6.23  2.3  11.7   2.3   1.02  7.12  5.26  5.16  0.82
  7.81  1.43  1.21  1.35  1.36  1.44  1.64  1.97  1.81  1.93  1.92]","[0. 0. 0. 0. 0. 0. 0. 0. 0. 0. 0. 0. 0. 0. 0. 0. 0. 0. 0. 0. 0. 0. 0. 0.
 0. 0. 0. 0. 0. 0. 0. 0. 0. 0. 0. 0. 0. 0. 0. 0. 0. 0. 0. 0. 0. 0. 0.]","[0. 0. 0. 0. 0. 0. 0. 0. 0. 0. 0. 0. 0. 0. 0. 0. 0. 0. 0. 0. 0. 0. 0. 0.
 0. 0. 0. 0. 0. 0. 0. 0. 0. 0. 0. 0. 0. 0. 0. 0. 0. 0. 0. 0. 0. 0. 0.]"
UGC04278,success,4003.658676929536,160.14634707718145,"[0.14 0.42 0.69 0.97 1.25 1.52 1.8  2.07 2.35 2.63 2.91 3.19 3.46 3.74
 4.01 4.29 4.57 4.85 5.13 5.4  5.68 5.86 6.36 6.51 6.69]","[ 5.23 15.4  24.4  32.1  34.6  37.9  40.5  43.   45.1  45.6  49.2  50.3
 53.7  58.   64.4  67.5  71.3  75.6  80.   82.8  84.8  86.3  90.2  91.3
 92.8 ]","[ 5.31  7.78  4.    4.    4.    4.    4.    4.    4.    4.   13.    4.
  4.19  7.53  4.    4.    4.    4.    4.    4.   15.7  16.8   8.07  4.
  8.75]","[0. 0. 0. 0. 0. 0. 0. 0. 0. 0. 0. 0. 0. 0. 0. 0. 0. 0. 0. 0. 0. 0. 0. 0.
 0.]","[0. 0. 0. 0. 0. 0. 0. 0. 0. 0. 0. 0. 0. 0. 0. 0. 0. 0. 0. 0. 0. 0. 0. 0.
 0.]"
UGC04305,success,1873.822700125778,85.17375909662627,"[0.25 0.5  0.75 1.   1.26 1.5  1.76 2.01 2.26 2.51 2.76 3.01 3.27 3.51
 3.76 4.02 4.26 4.52 4.77 5.02 5.27 5.52]","[ 3.17 10.5  17.5  22.7  29.7  34.5  36.   37.3  35.6  34.9  32.7  32.8
 33.2  32.1  30.1  32.3  33.6  35.1  35.3  35.2  34.6  33.  ]","[3.22 3.32 4.47 4.96 5.29 4.7  3.51 3.45 3.57 3.88 3.27 3.21 3.21 3.23
 3.16 3.16 3.12 3.12 3.12 3.13 3.11 3.11]",[0. 0. 0. 0. 0. 0. 0. 0. 0. 0. 0. 0. 0. 0. 0. 0. 0. 0. 0. 0. 0. 0.],[0. 0. 0. 0. 0. 0. 0. 0. 0. 0. 0. 0. 0. 0. 0. 0. 0. 0. 0. 0. 0. 0.]
UGC04325,success,5883.184732601301,735.3980915751627,[0.7  1.4  2.09 2.79 3.49 4.19 4.89 5.59],[41.3 68.7 83.8 88.7 90.1 91.6 92.7 91.5],[3.05 3.07 3.05 3.05 3.05 3.05 3.05 3.05],[0. 0. 0. 0. 0. 0. 0. 0.],[0. 0. 0. 0. 0. 0. 0. 0.]
UGC04499,success,4588.762716024041,509.8625240026712,[0.91 1.82 2.73 3.63 4.55 5.45 6.37 7.28 8.18],[26.  45.1 57.  62.  66.9 70.6 72.8 73.3 74.3],[4.1  3.02 2.97 2.85 2.75 2.86 2.66 2.66 2.67],[0. 0. 0. 0. 0. 0. 0. 0. 0.],[0. 0. 0. 0. 0. 0. 0. 0. 0.]
UGC05005,success,605.4144514209452,55.037677401904105,[ 0.78  2.34  3.91  5.47  7.04  8.6  10.17 17.97 21.07 22.72 28.61],[ 14.5  32.6  48.6  58.1  65.9  72.5  78.6  97.1  99.4 100.   99.1],[ 8.1  26.8  11.3   6.1   8.71 12.2  28.4  10.   10.   10.   10.  ],[0. 0. 0. 0. 0. 0. 0. 0. 0. 0. 0.],[0. 0. 0. 0. 0. 0. 0. 0. 0. 0. 0.]
UGC05253,success,520255.63690609526,7126.789546658839,"[ 0.13  0.25  0.38  0.51  0.63  0.76  0.89  1.01  1.14  1.27  1.39  1.52
  1.65  1.77  1.9   2.03  2.16  2.28  2.41  2.54  2.66  2.79  2.92  3.04
  3.17  3.3   3.42  3.55  3.68  3.8   3.93  4.06  4.18  4.31  4.44  4.56
  4.69  4.82  4.94  4.99  5.07  5.2   5.45  5.58  5.7   5.83  6.47  6.59
  6.66  6.72  6.85  6.97  7.1   7.23  8.32 10.   11.61 13.35 14.98 16.61
 18.34 19.97 21.6  23.33 26.7  29.95 33.32 36.68 39.94 43.3  46.67 49.92
 53.29]","[232. 233. 234. 235. 236. 237. 238. 239. 240. 240. 241. 242. 242. 243.
 244. 244. 244. 245. 245. 246. 246. 246. 247. 247. 247. 247. 247. 248.
 248. 248. 248. 248. 248. 248. 248. 248. 248. 248. 248. 248. 248. 248.
 247. 247. 247. 247. 247. 246. 246. 246. 246. 246. 246. 246. 246. 245.
 245. 246. 245. 245. 245. 245. 245. 244. 243. 239. 231. 219. 210. 210.
 212. 213. 218.]","[33.4  16.9  14.6  10.6   9.12 10.3   9.95  3.51  3.18  5.19  3.54  2.6
  1.75  1.94  3.09  1.6   3.    2.19  3.01  2.64  2.38  3.72  3.54  3.74
  5.11  3.63  3.84  5.12  2.77  3.24  6.79  8.39  2.73 13.7   4.89  5.71
 15.1  10.5   1.58  4.77  4.36  8.45  8.25  2.34  2.34  6.13  6.89  5.95
  2.29  4.73  3.02  5.81  6.32  8.92  2.13  2.18  0.94  2.02  1.33  1.36
  1.59  2.03  2.36  4.61 10.6  17.   18.3  12.1   7.5   3.56  2.64  6.5
  6.53]","[0. 0. 0. 0. 0. 0. 0. 0. 0. 0. 0. 0. 0. 0. 0. 0. 0. 0. 0. 0. 0. 0. 0. 0.
 0. 0. 0. 0. 0. 0. 0. 0. 0. 0. 0. 0. 0. 0. 0. 0. 0. 0. 0. 0. 0. 0. 0. 0.
 0. 0. 0. 0. 0. 0. 0. 0. 0. 0. 0. 0. 0. 0. 0. 0. 0. 0. 0. 0. 0. 0. 0. 0.
 0.]","[0. 0. 0. 0. 0. 0. 0. 0. 0. 0. 0. 0. 0. 0. 0. 0. 0. 0. 0. 0. 0. 0. 0. 0.
 0. 0. 0. 0. 0. 0. 0. 0. 0. 0. 0. 0. 0. 0. 0. 0. 0. 0. 0. 0. 0. 0. 0. 0.
 0. 0. 0. 0. 0. 0. 0. 0. 0. 0. 0. 0. 0. 0. 0. 0. 0. 0. 0. 0. 0. 0. 0. 0.
 0.]"
UGC05716,success,85998.63011132188,7166.552509276823,[ 1.03  2.07  3.09  4.13  5.16  6.2   7.23  8.26  9.28 10.34 11.4  12.37],[39.15 49.15 55.05 59.35 63.85 68.2  71.7  73.5  73.15 72.5  73.   74.7 ],[4.06 1.65 0.6  0.41 0.46 0.86 1.07 1.07 1.   0.74 1.07 2.09],[0. 0. 0. 0. 0. 0. 0. 0. 0. 0. 0. 0.],[0. 0. 0. 0. 0. 0. 0. 0. 0. 0. 0. 0.]
UGC05721,success,5366.2477726881125,233.31512055165706,"[0.09 0.27 0.45 0.63 0.81 0.99 1.17 1.35 1.53 1.71 1.89 2.07 2.25 2.67
 3.15 3.61 4.04 4.49 4.93 5.38 5.86 6.28 6.74]","[16.5 38.5 47.4 55.5 56.4 59.8 67.8 76.4 81.2 82.2 82.6 82.3 82.1 81.4
 79.3 78.5 78.2 78.1 78.2 78.3 78.6 78.9 79.5]","[ 4.57  6.88  4.57  4.57  5.45  4.57  4.57  4.57  4.57 19.2   4.57  4.57
  4.57  4.57  4.57  4.57  4.57  4.57  4.57  4.57  4.57  4.57  4.57]",[0. 0. 0. 0. 0. 0. 0. 0. 0. 0. 0. 0. 0. 0. 0. 0. 0. 0. 0. 0. 0. 0. 0.],[0. 0. 0. 0. 0. 0. 0. 0. 0. 0. 0. 0. 0. 0. 0. 0. 0. 0. 0. 0. 0. 0. 0.]
UGC05986,success,18985.84724217631,1265.7231494784207,"[0.63 1.26 1.88 2.51 3.13 3.77 4.39 5.02 5.65 6.28 6.9  7.54 8.16 8.79
 9.41]","[ 29.5  50.8  68.2  84.3  95.3 106.  112.  115.  116.  116.  116.  114.
 112.  109.  107. ]","[2.53 3.76 2.58 2.28 2.01 3.58 4.25 3.18 2.32 2.01 2.28 3.05 3.69 5.1
 6.39]",[0. 0. 0. 0. 0. 0. 0. 0. 0. 0. 0. 0. 0. 0. 0.],[0. 0. 0. 0. 0. 0. 0. 0. 0. 0. 0. 0. 0. 0. 0.]
UGC06399,success,2207.3862854135846,245.26514282373162,[0.87 1.74 2.61 3.5  4.37 5.24 6.11 6.98 7.85],[24.8 46.2 60.5 69.6 77.5 82.9 84.1 85.6 87.6],[6.5 5.6 5.8 3.9 3.7 4.5 4.9 4.9 4.9],[0. 0. 0. 0. 0. 0. 0. 0. 0.],[0. 0. 0. 0. 0. 0. 0. 0. 0.]
UGC06446,success,4721.472173980039,277.73365729294346,"[ 0.58  1.16  1.74  2.33  2.91  3.49  4.07  4.65  5.23  5.81  6.4   6.98
  7.62  8.28  8.9   9.52 10.22]","[31.3 54.8 61.1 63.9 67.2 70.4 73.7 78.  80.8 80.5 81.3 82.1 82.8 84.9
 84.3 83.2 80.1]","[ 6.3  5.8  4.1  4.1  4.1  3.6  3.6  4.1  4.1  3.6  3.6  4.6  4.6  5.5
  5.5  7.  10.8]",[0. 0. 0. 0. 0. 0. 0. 0. 0. 0. 0. 0. 0. 0. 0. 0. 0.],[0. 0. 0. 0. 0. 0. 0. 0. 0. 0. 0. 0. 0. 0. 0. 0. 0.]
UGC06614,success,3762.485580015439,289.42196769349533,"[ 3.23  9.18 10.64 11.58 12.52 13.57 15.76 24.94 26.3  34.96 36.84 47.38
 64.59]",[194. 172. 170. 170. 171. 172. 174. 193. 194. 201. 202. 205. 204.],[16.7  8.1 10.7  6.8  6.8 12.1 19.6 23.2 23.   7.2 17.1 16.  16. ],[0. 0. 0. 0. 0. 0. 0. 0. 0. 0. 0. 0. 0.],[0. 0. 0. 0. 0. 0. 0. 0. 0. 0. 0. 0. 0.]
UGC06628,success,159.2225216360178,22.746074519431115,[1.1  2.2  3.3  4.39 5.5  6.59 7.69],[26.9 38.  40.5 41.4 42.3 42.3 42.3],[8.27 8.27 8.27 8.27 8.27 8.27 8.27],[0. 0. 0. 0. 0. 0. 0.],[0. 0. 0. 0. 0. 0. 0.]
UGC06667,success,4231.198867882618,470.13320754251316,[0.87 1.74 2.61 3.5  4.37 5.24 6.11 6.98 7.85],[26.6 45.2 57.  69.3 77.3 80.7 84.  85.  85.7],[4.4 2.7 3.9 3.  3.4 3.9 3.  3.  3.4],[0. 0. 0. 0. 0. 0. 0. 0. 0.],[0. 0. 0. 0. 0. 0. 0. 0. 0.]
UGC06786,success,273356.0265441341,6074.578367647424,"[ 0.16  0.32  0.49  0.65  1.3   1.46  1.62  3.72  3.89  4.05  4.22  4.26
  4.38  4.54  4.71  4.86  5.02  5.18  5.35  5.51  5.68  5.84  6.    6.15
  6.48  6.64  6.81  7.1   7.13  8.52 10.66 11.99 12.1  12.33 12.78 14.93
 17.08 19.23 21.27 23.42 25.57 27.72 29.87 32.02 34.05]","[160. 177. 180. 180. 182. 183. 184. 206. 207. 209. 210. 210. 211. 213.
 214. 215. 215. 216. 217. 217. 218. 218. 219. 219. 219. 219. 220. 220.
 220. 220. 225. 228. 228. 228. 229. 228. 226. 226. 227. 227. 224. 218.
 215. 219. 211.]","[36.   30.9  25.3  32.    4.72 10.8   7.43  8.42  4.54  5.36  2.43  4.6
  2.8   2.18  7.61  4.7   2.34  2.95  4.48  3.99  5.14  2.51  3.95  7.84
  7.74  6.69  6.26  2.52 11.4   2.93  1.79  5.71  9.96  8.24  1.74  1.64
  1.34  1.39  1.11  1.37  2.79  9.41  8.18  5.06  7.05]","[0. 0. 0. 0. 0. 0. 0. 0. 0. 0. 0. 0. 0. 0. 0. 0. 0. 0. 0. 0. 0. 0. 0. 0.
 0. 0. 0. 0. 0. 0. 0. 0. 0. 0. 0. 0. 0. 0. 0. 0. 0. 0. 0. 0. 0.]","[0. 0. 0. 0. 0. 0. 0. 0. 0. 0. 0. 0. 0. 0. 0. 0. 0. 0. 0. 0. 0. 0. 0. 0.
 0. 0. 0. 0. 0. 0. 0. 0. 0. 0. 0. 0. 0. 0. 0. 0. 0. 0. 0. 0. 0.]"
UGC06787,success,701301.5082823756,9877.486032146136,"[ 0.12  0.24  0.35  0.47  0.59  0.71  0.83  0.94  1.06  1.18  1.3   1.42
  1.53  1.66  1.89  2.01  2.13  2.24  3.1   3.79  3.9   4.14  4.25  4.37
  4.49  4.61  4.72  5.16  5.43  5.56  5.67  5.79  5.91  6.03  6.2   6.5
  6.85  6.98  7.09  7.21  7.22  7.33  7.45  7.56  8.26  8.98  9.09  9.3
 10.32 11.38 12.4  13.41 14.43 15.44 16.57 17.58 18.6  19.61 20.62 21.64
 22.77 23.78 24.79 25.81 26.82 27.84 29.41 30.99 32.57 34.03 37.19]","[134. 208. 252. 272. 276. 271. 266. 262. 260. 260. 259. 257. 254. 244.
 228. 220. 215. 213. 228. 236. 236. 237. 237. 237. 237. 237. 236. 235.
 234. 233. 233. 233. 232. 232. 232. 233. 235. 236. 236. 237. 238. 238.
 239. 240. 247. 252. 253. 254. 253. 247. 238. 229. 223. 220. 220. 224.
 228. 234. 239. 243. 245. 247. 249. 250. 251. 251. 248. 246. 249. 252.
 255.]","[41.1  35.5  27.1  11.6  12.6  16.3  11.9  12.2  12.1  11.9   8.04 10.2
  9.68  4.95  9.83 18.6   4.11 16.1   9.59  7.22  7.24  8.26  4.07  4.04
  1.94  1.49  2.38  2.4   4.05  3.03  2.48  3.03  6.7   7.44  1.64 14.3
  7.57  3.05  2.91  4.07  2.02  6.76  3.49 10.1   0.85  8.91  7.13  0.73
  0.96  1.99  3.15  1.67  3.52  1.13  1.12  1.93  2.04  2.55  2.91  3.08
  3.6   2.67  3.37  2.08  1.68  2.78  3.4   2.91  3.46  3.23  4.16]","[0. 0. 0. 0. 0. 0. 0. 0. 0. 0. 0. 0. 0. 0. 0. 0. 0. 0. 0. 0. 0. 0. 0. 0.
 0. 0. 0. 0. 0. 0. 0. 0. 0. 0. 0. 0. 0. 0. 0. 0. 0. 0. 0. 0. 0. 0. 0. 0.
 0. 0. 0. 0. 0. 0. 0. 0. 0. 0. 0. 0. 0. 0. 0. 0. 0. 0. 0. 0. 0. 0. 0.]","[0. 0. 0. 0. 0. 0. 0. 0. 0. 0. 0. 0. 0. 0. 0. 0. 0. 0. 0. 0. 0. 0. 0. 0.
 0. 0. 0. 0. 0. 0. 0. 0. 0. 0. 0. 0. 0. 0. 0. 0. 0. 0. 0. 0. 0. 0. 0. 0.
 0. 0. 0. 0. 0. 0. 0. 0. 0. 0. 0. 0. 0. 0. 0. 0. 0. 0. 0. 0. 0. 0. 0.]"
UGC06818,success,890.8773198121419,111.35966497651773,[0.87 1.74 2.61 3.5  4.37 5.24 6.11 6.98],[23.4 28.  36.7 47.6 63.3 71.2 68.1 74.4],[5.55 5.2  4.25 4.25 4.75 5.25 6.   6.  ],[0. 0. 0. 0. 0. 0. 0. 0.],[0. 0. 0. 0. 0. 0. 0. 0.]
UGC06917,success,6034.683116539651,548.6075560490591,[ 1.74  2.61  3.5   4.37  5.24  6.11  6.98  7.85  8.72  9.6  10.47],[ 59.2  71.2  84.5  93.5  97.5 100.  101.  103.  105.  110.  111. ],[3.5 4.  4.4 4.5 3.5 3.5 4.  3.5 4.  4.9 6. ],[0. 0. 0. 0. 0. 0. 0. 0. 0. 0. 0.],[0. 0. 0. 0. 0. 0. 0. 0. 0. 0. 0.]
UGC06923,success,1235.9165815774636,205.98609692957726,[0.93 1.94 2.87 3.72 4.47 5.16],[40.5 53.9 73.  78.4 79.3 81.1],[7.35 5.9  4.7  3.9  5.3  5.1 ],[0. 0. 0. 0. 0. 0.],[0. 0. 0. 0. 0. 0.]
UGC06930,success,2675.5771883294256,267.55771883294256,[ 1.74  3.5   5.24  6.98  8.72 10.47 12.19 13.94 15.68 16.61],[ 54.7  85.4  93.8  98.7 103.  107.  109.  108.  108.  108. ],[8.3 7.  6.2 5.2 5.2 5.2 5.2 7.4 7.4 7.4],[0. 0. 0. 0. 0. 0. 0. 0. 0. 0.],[0. 0. 0. 0. 0. 0. 0. 0. 0. 0.]
UGC06973,success,10407.925259265838,1156.4361399184263,[1.74 2.61 3.5  4.37 5.32 6.28 6.81 7.33 7.85],[170. 174. 170. 170. 171. 174. 177. 178. 180.],[ 4.7  4.2  4.2  4.3  4.8  4.9 10.1  6.3  7.7],[0. 0. 0. 0. 0. 0. 0. 0. 0.],[0. 0. 0. 0. 0. 0. 0. 0. 0.]
UGC06983,success,6618.064133355345,389.29789019737325,"[ 1.74  2.61  3.5   4.37  5.24  6.11  6.98  7.85  8.72  9.6  10.47 11.35
 12.19 13.12 13.94 14.86 15.68]","[ 56.9  87.4  92.1  93.5  98.2  99.7 102.  107.  108.  110.  113.  110.
 108.  109.  108.  108.  109. ]","[ 6.6  4.8  5.7  5.2  4.4  4.4  3.5  4.4  4.4  4.4  4.4  5.2  5.7  8.6
  9.8  9.8 12.3]",[0. 0. 0. 0. 0. 0. 0. 0. 0. 0. 0. 0. 0. 0. 0. 0. 0.],[0. 0. 0. 0. 0. 0. 0. 0. 0. 0. 0. 0. 0. 0. 0. 0. 0.]
UGC07125,success,7463.612439527598,574.1240338098153,"[ 1.44  2.88  4.33  5.76  7.2   8.64 10.08 11.47 13.   14.42 15.84 17.26
 18.68]",[26.1 43.  48.5 52.5 56.4 58.5 61.5 64.6 65.6 65.4 65.5 65.1 64.9],[3.3  3.47 2.35 2.   2.05 2.21 2.1  2.01 2.12 2.65 3.05 3.22 3.48],[0. 0. 0. 0. 0. 0. 0. 0. 0. 0. 0. 0. 0.],[0. 0. 0. 0. 0. 0. 0. 0. 0. 0. 0. 0. 0.]
UGC07151,success,7090.0839111368705,644.5530828306246,[0.5  1.   1.5  2.   2.49 3.   3.49 4.   4.49 5.01 5.5 ],[24.2 42.  59.4 63.9 66.  67.2 68.7 71.3 72.5 74.  76.2],[2.18 2.91 2.4  2.01 2.   2.07 2.38 2.91 3.21 3.41 3.17],[0. 0. 0. 0. 0. 0. 0. 0. 0. 0. 0.],[0. 0. 0. 0. 0. 0. 0. 0. 0. 0. 0.]
UGC07261,success,1005.896565071358,143.69950929590829,[0.95 1.9  2.86 3.81 4.76 5.72 6.67],[46.8 63.  66.8 69.6 73.4 74.7 76.1],[5.66 5.66 5.66 5.66 5.66 5.66 5.66],[0. 0. 0. 0. 0. 0. 0.],[0. 0. 0. 0. 0. 0. 0.]
UGC07399,success,7849.526728258926,784.9526728258926,[0.61 1.22 1.84 2.45 3.07 3.68 4.3  4.91 5.52 6.13],[ 47.3  70.4  83.7  89.1  91.7  95.1  96.9 100.  103.  106. ],[2.77 3.27 2.5  2.45 2.48 3.01 3.62 3.9  4.82 4.97],[0. 0. 0. 0. 0. 0. 0. 0. 0. 0.],[0. 0. 0. 0. 0. 0. 0. 0. 0. 0.]
UGC07524,success,11795.586054557543,380.50277595346915,"[ 0.35  0.69  1.03  1.38  1.72  2.07  2.41  2.76  3.1   3.45  3.79  4.14
  4.48  4.82  5.17  5.51  5.86  6.2   6.55  6.89  7.25  7.58  7.94  8.27
  8.63  8.97  9.3   9.66  9.99 10.35 10.69]","[14.4 24.4 29.2 32.9 37.8 42.  45.1 47.6 52.3 57.3 61.4 64.5 66.4 66.9
 69.4 70.2 70.9 72.3 73.9 75.  75.5 77.1 77.  77.  78.2 79.6 80.3 81.2
 82.3 83.8 79. ]","[2.82 3.97 3.26 3.73 3.41 3.12 2.92 2.79 2.78 2.78 2.93 3.42 4.53 5.46
 4.77 4.44 4.24 4.38 3.51 3.22 3.23 2.98 2.79 2.82 2.93 3.14 3.39 3.66
 3.9  4.1  2.78]","[0. 0. 0. 0. 0. 0. 0. 0. 0. 0. 0. 0. 0. 0. 0. 0. 0. 0. 0. 0. 0. 0. 0. 0.
 0. 0. 0. 0. 0. 0. 0.]","[0. 0. 0. 0. 0. 0. 0. 0. 0. 0. 0. 0. 0. 0. 0. 0. 0. 0. 0. 0. 0. 0. 0. 0.
 0. 0. 0. 0. 0. 0. 0.]"
UGC07603,success,4257.058703799044,354.7548919832537,[0.34 0.68 1.02 1.37 1.71 2.05 2.39 2.74 3.08 3.42 3.76 4.11],[19.6 32.5 41.9 50.6 57.  60.5 60.5 60.  61.5 61.5 63.  64. ],[2.89 2.89 2.89 2.89 2.89 2.89 2.89 2.89 2.89 2.89 2.89 2.89],[0. 0. 0. 0. 0. 0. 0. 0. 0. 0. 0. 0.],[0. 0. 0. 0. 0. 0. 0. 0. 0. 0. 0. 0.]
UGC07690,success,1210.4203788739294,172.91719698198992,[0.59 1.18 1.77 2.36 2.95 3.54 4.13],[45.3 59.8 60.7 58.8 57.9 56.9 55.9],[4.31 4.31 4.31 4.31 4.31 4.31 4.31],[0. 0. 0. 0. 0. 0. 0.],[0. 0. 0. 0. 0. 0. 0.]
UGC08286,success,22209.57183649375,1306.445402146691,"[0.47 0.95 1.42 1.9  2.37 2.84 3.3  3.78 4.25 4.73 5.2  5.67 6.15 6.62
 7.1  7.57 8.04]","[22.2 43.4 60.2 69.6 72.5 74.3 75.8 77.2 79.3 81.3 81.6 82.1 82.9 83.2
 83.5 83.8 84.3]","[2.81 3.47 3.04 2.05 2.   2.02 2.01 2.05 2.08 2.08 2.03 2.02 2.   2.
 2.02 2.   2.  ]",[0. 0. 0. 0. 0. 0. 0. 0. 0. 0. 0. 0. 0. 0. 0. 0. 0.],[0. 0. 0. 0. 0. 0. 0. 0. 0. 0. 0. 0. 0. 0. 0. 0. 0.]
UGC08490,success,12633.273110508884,421.1091036836295,"[ 0.34  0.68  1.02  1.36  1.69  2.03  2.37  2.7   3.05  3.38  3.72  4.06
  4.39  4.74  5.08  5.41  5.75  6.09  6.42  6.77  7.11  7.44  7.78  8.12
  8.46  8.8   9.13  9.47  9.77 10.15]","[38.8 50.1 60.2 68.2 72.8 75.3 76.6 77.6 78.5 78.2 78.8 79.2 79.2 79.2
 78.8 78.5 80.1 80.1 80.1 80.1 79.8 79.8 79.5 79.5 78.8 77.9 77.2 77.6
 76.6 77.6]","[3.69 3.69 3.69 3.69 3.69 3.69 3.69 3.69 3.69 3.69 3.69 3.69 3.69 3.69
 3.69 3.69 3.69 3.69 3.69 3.69 3.69 3.69 3.69 3.69 3.69 3.69 3.69 3.69
 3.69 3.69]","[0. 0. 0. 0. 0. 0. 0. 0. 0. 0. 0. 0. 0. 0. 0. 0. 0. 0. 0. 0. 0. 0. 0. 0.
 0. 0. 0. 0. 0. 0.]","[0. 0. 0. 0. 0. 0. 0. 0. 0. 0. 0. 0. 0. 0. 0. 0. 0. 0. 0. 0. 0. 0. 0. 0.
 0. 0. 0. 0. 0. 0.]"
UGC08550,success,6437.466862041041,585.2242601855492,[0.49 0.97 1.47 1.95 2.44 2.92 3.41 3.89 4.39 4.88 5.36],[25.  42.5 48.  49.2 50.4 51.6 53.2 55.1 57.8 57.3 57.5],[2.04 2.7  2.15 2.08 2.06 2.04 2.   2.05 2.24 2.   2.  ],[0. 0. 0. 0. 0. 0. 0. 0. 0. 0. 0.],[0. 0. 0. 0. 0. 0. 0. 0. 0. 0. 0.]
UGC08699,success,77614.04399892373,1893.0254633883837,"[ 0.22  0.43  0.65  0.87  1.08  1.31  1.52  1.73  1.96  2.17  2.39  2.6
  2.83  3.04  5.87  6.08  6.3   6.52  6.74  6.95  7.16  7.39  7.6   7.82
  8.03  8.26  8.47  8.68  8.91  9.53  9.78  9.99 10.21 11.46 13.39 15.21
 17.13 19.06 20.99 22.92 25.7 ]","[152. 167. 179. 188. 195. 199. 202. 202. 202. 200. 196. 193. 189. 184.
 170. 172. 174. 176. 178. 180. 182. 183. 184. 185. 186. 187. 187. 188.
 188. 187. 187. 186. 186. 182. 177. 175. 177. 180. 181. 182. 183.]","[39.4  32.9  20.9  15.7  10.6   8.88  4.4   2.3   3.38  4.47  2.88  3.32
  2.21 14.    5.45  6.66  3.96  5.18  3.04  2.75  2.34  3.39  7.58  6.08
  6.73  6.83  6.11  4.78  4.14  5.93  7.63  7.89  9.86  2.51  3.62  6.71
  6.13  3.95  4.46  7.09  7.49]","[0. 0. 0. 0. 0. 0. 0. 0. 0. 0. 0. 0. 0. 0. 0. 0. 0. 0. 0. 0. 0. 0. 0. 0.
 0. 0. 0. 0. 0. 0. 0. 0. 0. 0. 0. 0. 0. 0. 0. 0. 0.]","[0. 0. 0. 0. 0. 0. 0. 0. 0. 0. 0. 0. 0. 0. 0. 0. 0. 0. 0. 0. 0. 0. 0. 0.
 0. 0. 0. 0. 0. 0. 0. 0. 0. 0. 0. 0. 0. 0. 0. 0. 0.]"
UGC09037,success,12884.396246055352,585.6543748206979,"[ 2.43  3.65  4.86  6.08  7.29  8.51  9.73 10.96 12.19 13.41 14.55 15.78
 17.   18.23 19.46 20.69 21.92 23.14 24.28 25.51 26.73 27.96]","[ 62.2  88.2 107.  120.  124.  128.  133.  138.  143.  146.  148.  154.
 158.  159.  160.  158.  155.  156.  154.  150.  141.  152. ]","[ 5.69  3.85  4.42  3.93  5.15  4.29  5.36  6.78  6.42  5.4   4.5   4.46
  4.02  5.07  7.33  7.82  8.07  7.93  9.09 13.4  20.1  16.  ]",[0. 0. 0. 0. 0. 0. 0. 0. 0. 0. 0. 0. 0. 0. 0. 0. 0. 0. 0. 0. 0. 0.],[0. 0. 0. 0. 0. 0. 0. 0. 0. 0. 0. 0. 0. 0. 0. 0. 0. 0. 0. 0. 0. 0.]
UGC09133,success,680092.1508706298,10001.355159862203,"[  0.32   0.63   0.95   1.26   1.58   1.89   2.21   2.52   2.84   3.15
   3.47   3.79   4.1    4.42   4.73   5.05   5.36   5.68   5.99   6.31
   6.62   6.94   7.57   7.89   8.2    8.31   8.52   8.83   9.15   9.78
  10.1   11.04  11.36  11.67  13.57  13.88  14.2   16.61  19.35  22.19
  24.92  27.66  30.5   33.23  35.96  38.8   41.54  44.27  47.11  49.84
  52.58  55.42  58.15  60.89  63.62  66.46  69.19  71.93  74.77  77.5
  80.23  83.07  85.81  88.54  91.38  94.12  99.69 108.31]","[284. 282. 281. 280. 280. 279. 279. 279. 279. 279. 279. 279. 280. 280.
 280. 281. 282. 282. 283. 284. 284. 285. 286. 287. 287. 288. 288. 288.
 288. 289. 289. 288. 288. 288. 285. 284. 284. 278. 273. 269. 265. 262.
 257. 252. 247. 242. 238. 235. 236. 239. 242. 245. 247. 246. 243. 239.
 234. 230. 228. 228. 227. 226. 224. 222. 222. 224. 227. 229.]","[34.7  18.8  12.6  10.6  10.8   7.67 11.2   4.45  5.03  4.26  4.14  5.73
  4.52  4.86  1.59  1.85  4.81 20.3  12.8   8.08  7.81 10.4   6.82 13.4
 10.5   2.93  5.58  5.74  7.   12.7   3.89  5.02  3.39 10.7   4.07  8.92
  5.69  9.14  6.1   2.26  1.32  3.15  4.71  4.96  2.58  2.52  2.3   0.63
  1.4   2.07  2.63  1.64  1.31  2.14  4.    4.67  5.12  2.1   1.32  1.6
  3.16  3.48  3.71  1.49  1.18  1.22  2.8   4.12]","[0. 0. 0. 0. 0. 0. 0. 0. 0. 0. 0. 0. 0. 0. 0. 0. 0. 0. 0. 0. 0. 0. 0. 0.
 0. 0. 0. 0. 0. 0. 0. 0. 0. 0. 0. 0. 0. 0. 0. 0. 0. 0. 0. 0. 0. 0. 0. 0.
 0. 0. 0. 0. 0. 0. 0. 0. 0. 0. 0. 0. 0. 0. 0. 0. 0. 0. 0. 0.]","[0. 0. 0. 0. 0. 0. 0. 0. 0. 0. 0. 0. 0. 0. 0. 0. 0. 0. 0. 0. 0. 0. 0. 0.
 0. 0. 0. 0. 0. 0. 0. 0. 0. 0. 0. 0. 0. 0. 0. 0. 0. 0. 0. 0. 0. 0. 0. 0.
 0. 0. 0. 0. 0. 0. 0. 0. 0. 0. 0. 0. 0. 0. 0. 0. 0. 0. 0. 0.]"
UGC09992,success,160.76958134075838,32.153916268151676,[0.78 1.55 2.34 3.12 3.89],[28.1 31.3 33.  33.4 34.3],[5.66 5.66 5.66 5.66 5.66],[0. 0. 0. 0. 0.],[0. 0. 0. 0. 0.]
UGC10310,success,1125.440953615898,160.77727908798542,[1.1  2.21 3.31 4.42 5.52 6.64 7.74],[33.2 54.6 65.7 69.2 70.9 72.4 73.2],[5.06 5.06 5.06 5.06 5.06 5.06 5.06],[0. 0. 0. 0. 0. 0. 0.],[0. 0. 0. 0. 0. 0. 0.]
UGC11455,success,42696.19932577991,1186.0055368272197,"[ 0.62  1.23  1.83  2.47  3.08  3.68  4.32  4.91  5.53  6.17  6.78  7.38
  8.    8.62  9.23  9.85 10.43 11.05 11.67 12.19 12.91 14.56 16.63 17.77
 18.49 20.24 22.62 24.89 27.06 29.13 31.3  33.46 35.53 37.7  39.87 41.93]","[ 35.1  64.6  80.1 113.  136.  150.  171.  192.  197.  195.  196.  216.
 225.  240.  247.  254.  257.  273.  272.  270.  279.  287.  291.  286.
 288.  289.  288.  269.  267.  272.  274.  259.  272.  274.  272.  266. ]","[ 4.01  4.19  6.32 10.4   7.59  7.75  9.19  9.16  9.96 12.4   7.09  5.99
  5.24  6.15  4.37  6.48  7.41  5.38  5.98 20.9   9.4  10.8  10.    9.67
  6.96  6.63 10.    8.23  7.11  5.36  5.78  5.81  6.69  6.39  5.59  8.82]","[0. 0. 0. 0. 0. 0. 0. 0. 0. 0. 0. 0. 0. 0. 0. 0. 0. 0. 0. 0. 0. 0. 0. 0.
 0. 0. 0. 0. 0. 0. 0. 0. 0. 0. 0. 0.]","[0. 0. 0. 0. 0. 0. 0. 0. 0. 0. 0. 0. 0. 0. 0. 0. 0. 0. 0. 0. 0. 0. 0. 0.
 0. 0. 0. 0. 0. 0. 0. 0. 0. 0. 0. 0.]"
UGC11914,success,287280.702633629,4419.703117440446,"[0.28 0.37 0.47 0.56 0.65 0.75 0.84 0.93 1.03 1.12 1.21 1.3  1.41 1.5
 1.59 1.68 1.78 1.87 1.96 2.05 2.16 2.25 2.34 2.43 2.46 2.53 2.62 2.71
 2.8  2.99 3.28 3.74 3.83 4.02 4.09 4.12 4.3  4.39 4.49 4.58 4.87 4.91
 4.96 5.05 5.14 5.24 5.33 5.42 5.51 5.61 5.71 5.8  5.89 5.98 6.08 6.15
 6.17 6.26 6.35 6.73 6.83 6.92 7.37 8.6  9.83]","[168. 187. 204. 218. 232. 243. 253. 262. 269. 275. 280. 284. 287. 289.
 290. 291. 292. 292. 291. 291. 291. 290. 290. 290. 290. 290. 290. 290.
 290. 290. 291. 292. 292. 292. 292. 292. 291. 291. 291. 290. 289. 288.
 288. 287. 287. 286. 286. 285. 285. 284. 284. 283. 283. 283. 283. 283.
 283. 283. 283. 284. 284. 285. 288. 297. 305.]","[49.7  40.2  26.9  23.5   8.63  4.97  3.65  2.86  3.8   5.39  5.01 10.
  6.59  3.56  6.13 10.2   8.61 11.2   5.15  4.92  9.32  7.19 12.2   7.94
  5.16  3.56  3.79  5.65  9.38 10.6  15.3  18.8  15.2  19.8   2.4   9.
  8.71  7.92  8.84  4.2  10.6   2.26  6.97  3.23 10.2  10.3  17.8  11.4
 12.    4.03  4.73  6.44  4.96  5.37 11.    1.14 17.3   7.94 18.3  10.5
  9.37 12.9   1.24  2.13  5.07]","[0. 0. 0. 0. 0. 0. 0. 0. 0. 0. 0. 0. 0. 0. 0. 0. 0. 0. 0. 0. 0. 0. 0. 0.
 0. 0. 0. 0. 0. 0. 0. 0. 0. 0. 0. 0. 0. 0. 0. 0. 0. 0. 0. 0. 0. 0. 0. 0.
 0. 0. 0. 0. 0. 0. 0. 0. 0. 0. 0. 0. 0. 0. 0. 0. 0.]","[0. 0. 0. 0. 0. 0. 0. 0. 0. 0. 0. 0. 0. 0. 0. 0. 0. 0. 0. 0. 0. 0. 0. 0.
 0. 0. 0. 0. 0. 0. 0. 0. 0. 0. 0. 0. 0. 0. 0. 0. 0. 0. 0. 0. 0. 0. 0. 0.
 0. 0. 0. 0. 0. 0. 0. 0. 0. 0. 0. 0. 0. 0. 0. 0. 0.]"
UGC12506,success,9865.35540156263,318.2372710181494,"[ 0.82  2.46  4.1   5.74  7.38  9.02 10.65 12.29 13.93 15.57 17.21 18.85
 20.49 22.13 23.77 25.41 27.05 28.68 30.32 31.96 33.6  35.24 36.88 38.52
 40.16 41.8  43.44 45.08 46.71 48.35 49.99]","[107. 159. 194. 198. 211. 222. 230. 239. 237. 240. 245. 249. 248. 250.
 255. 244. 244. 249. 251. 249. 244. 239. 238. 241. 237. 228. 233. 233.
 230. 226. 225.]","[25.6 26.5 13.9 14.6 13.2 13.6 11.6 11.6 11.6 11.6 11.6 11.6 11.6 11.6
 11.6 14.9 11.6 11.6 11.6 11.6 12.9 16.2 18.4 24.9 23.  14.  16.9 13.7
 11.6 11.6 11.6]","[0. 0. 0. 0. 0. 0. 0. 0. 0. 0. 0. 0. 0. 0. 0. 0. 0. 0. 0. 0. 0. 0. 0. 0.
 0. 0. 0. 0. 0. 0. 0.]","[0. 0. 0. 0. 0. 0. 0. 0. 0. 0. 0. 0. 0. 0. 0. 0. 0. 0. 0. 0. 0. 0. 0. 0.
 0. 0. 0. 0. 0. 0. 0.]"
UGC12632,success,6012.438857110887,400.82925714072576,"[ 0.71  1.42  2.14  2.85  3.55  4.26  4.97  5.69  6.4   7.11  7.82  8.52
  9.25  9.95 10.66]","[24.1 33.6 44.8 54.4 57.4 61.4 63.8 65.5 67.6 69.2 70.3 71.4 73.2 73.
 73.1]","[7.55 5.02 3.38 2.9  2.89 3.44 3.64 3.82 3.54 2.91 2.79 2.93 3.   2.81
 2.79]",[0. 0. 0. 0. 0. 0. 0. 0. 0. 0. 0. 0. 0. 0. 0.],[0. 0. 0. 0. 0. 0. 0. 0. 0. 0. 0. 0. 0. 0. 0.]
UGCA442,success,10529.709018840273,1316.213627355034,[0.42 1.26 2.11 2.96 3.79 4.65 5.48 6.33],[14.2 28.6 41.  49.  54.8 56.4 57.8 56.5],[1.91 1.82 1.74 1.91 2.05 3.12 2.83 0.65],[0. 0. 0. 0. 0. 0. 0. 0.],[0. 0. 0. 0. 0. 0. 0. 0.]
UGCA444,success,1795.8504822824639,49.88473561895733,"[0.12 0.19 0.26 0.33 0.4  0.47 0.55 0.62 0.69 0.76 0.83 0.9  0.97 1.04
 1.11 1.19 1.26 1.33 1.4  1.48 1.55 1.62 1.69 1.75 1.83 1.9  1.97 2.04
 2.11 2.19 2.26 2.33 2.4  2.48 2.55 2.62]","[ 6.48  8.6  10.2  11.7  12.7  14.1  16.   18.1  21.2  21.6  23.3  24.5
 24.4  25.3  25.4  25.9  26.7  27.1  28.6  28.9  30.4  30.8  30.5  33.
 32.1  32.9  34.2  32.6  33.7  33.8  34.9  36.1  37.2  37.6  35.6  38.3 ]","[2.6  2.65 3.03 3.55 3.75 3.43 3.33 2.66 3.78 3.33 3.09 3.26 3.29 2.78
 2.78 2.73 2.67 3.16 3.34 3.21 4.14 4.35 4.56 4.04 4.35 4.36 4.9  3.98
 4.73 4.67 3.74 5.47 5.39 7.1  4.73 7.78]","[0. 0. 0. 0. 0. 0. 0. 0. 0. 0. 0. 0. 0. 0. 0. 0. 0. 0. 0. 0. 0. 0. 0. 0.
 0. 0. 0. 0. 0. 0. 0. 0. 0. 0. 0. 0.]","[0. 0. 0. 0. 0. 0. 0. 0. 0. 0. 0. 0. 0. 0. 0. 0. 0. 0. 0. 0. 0. 0. 0. 0.
 0. 0. 0. 0. 0. 0. 0. 0. 0. 0. 0. 0.]"
